"cnpj_distribuidora","razao_social_distribuidora"
"09.260.004/0001-83",TERRA FIRME PRODUÇÕES CINEMATOGRÁFICAS LTDA
"36.448.102/0001-11",MALUTE FILMES LTDA
"09.019.897/0001-70",OLÉ PRODUÇÕES LTDA
"00.779.721/0001-41",CINEMARK BRASIL S.A
"35.454.798/0001-26",UMBUZEIRO FILMES DISTRIBUICAO CINEMATOGRAFICA LTDA
"10.433.648/0001-05",STAIRS PRODUCOES AUDIOVISUAIS LTDA
"13.489.036/0001-22",AM DE MORAIS PRODUCOES E EVENTOS
"09.124.563/0001-66",SANTA LUZIA FILMES E PRODUÇÕES ARTÍSTICAS LTDA
"00.979.601/0001-98",COLUMBIA TRISTAR FILMES DO BRASIL LTDA
"57.277.113/0001-56",UNIÃO MUNICIPAL DOS ESTUDANTES SECUNDARISTAS
"21.054.261/0001-64",LIRA FILMES PRODUÇÕES LTDA ME
"07.337.401/0001-80",ANAGUA FILMES LTDA
"07.060.648/0001-00",INDIANA PRODUÇÕES CINEMATOGRÁFICAS LTDA
"15.182.829/0001-20",ENCRIPTA S/A
"15.144.532/0001-70",EMBAUBA FILMES LTDA
"14.352.944/0001-32",KAUZARE FILMES LTDA
"18.167.238/0001-71","MOSTRA DE CINEMA, CULTURA E EVENTOS LTDA"
"31.447.610/0001-61",DIEZ PRODUCOES E ENTRETENIMENTO LTDA
"03.918.609/0001-32",WMIX DISTRIBUIDORA LTDA.
"10.407.637/0001-50",VACA AMARELA FILMES EIRELI
"15.372.472/0001-42",H2O DISTRIBUIDORA DE FILMES LTDA
"33.015.827/0001-28",WARNER BROS. (SOUTH) INC.
"40.476.829/0001-80",ABARÁ PRODUÇÃO AUDIOVISUAL LTDA
"40.379.968/0001-95",TREZE DE MAIO DISTRIBUIDORA E PRODUTORA LTDA
"46.401.439/0001-27",CLUBE FILMES LTDA
"35.536.160/0001-34",INSTITUTO TATURANA
"47.095.641/0001-30",TATU FILMES LTDA
"10.681.698/0001-01",TUCUMÁN DISTRIBUIDORA DE FILMES LTDA
"03.553.092/0001-25",FREDERICO DA CRUZ MACHADO - ME
"37.914.915/0001-12",RISI FILM BRASIL LTDA.
"18.384.267/0001-95",LANCA DISTRIBUIDORA DE FILMES LTDA
"01.378.559/0001-12",GULLANE ENTRETENIMENTO S.A.
"24.578.765/0001-71",F D DA SILVA - ME
"11.620.976/0001-83",VITRINE FILMES LTDA
"29.942.476/0001-23",INTERAGIR CULTURAL PRODUCOES CINEMATOGRAFICAS LTDA
"01.289.530/0001-64",UNITED CINEMAS INTERNATIONAL BRASIL LTDA.
"12.126.484/0001-07",BOULEVARD FILMES LTDA
"01.833.200/0001-98",MARIANA CALTABIANO CRIAÇÕES LTDA
"39.079.678/0001-47",BRETZ FILMES DISTRIBUIDORA E PRODUTORA LTDA - EPP
"07.271.440/0001-22",RUSCHEL STUDIOS CINEMATOGRAFICOS LTDA
"05.332.959/0001-48",CINECOLOR DO BRASIL LTDA
"10.383.039/0001-99",BONFILM PRODUÇÃO E DISTRIBUIÇÃO AUDIOVISUAL LTDA
"02.185.369/0001-41",SYNAPSE BRAZIL LICENCIAMENTO DE DIREITOS AUDIOVISUAIS LTDA
"03.827.382/0001-10",MORO COMUNICACAO LTDA
"08.905.114/0001-92",SEREIA DISTRIBUIÇÃO DE FILMES LTDA
"27.654.722/0001-16",PARAMOUNT PICTURES BRASIL DISTRIBUIDORA DE FILMES LTDA
"09.112.697/0001-67",MAGNIFICA LOCACOES LTDA
"17.095.184/0001-13",DIAMOND FILMS DO BRASIL PRODUÇÃO E DISTRIBUIÇÃO AUDIOVISUAL LTDA.
"08.874.674/0001-27",IVAN CARLOS DE MELO PRODUÇÕES CULTURAIS
"25.070.070/0001-47",ANAVITORIA ARTES LTDA
"12.452.477/0001-97","UNIFILMES DISTRIBUIDORA, IMPORTADORA E EXPORTADORA DE FILMES LTDA"
"00.943.231/0001-39",PLAYARTE PICTURES ENTRETENIMENTOS LTDA.
"04.728.553/0001-16",MUIRAQUITA FILMES E PRODUCOES ARTISTICAS LTDA
"31.296.141/0001-27",RETRATO FILMES LTDA
"50.342.845/0001-33",CAJUÍNA AUDIOVISUAL LTDA
"29.171.311/0001-03",CINECLUBE PAU BRASIL
"03.599.148/0001-82",TAG CULTURAL DISTRIBUIDORA DE FILMES LTDA
"07.700.630/0001-18",ELO AUDIOVISUAL SERVIÇOS LTDA
"18.338.912/0001-33",A2 DISTRIBUIDORA DE FILMES LTDA EPP
"33.427.044/0001-51",DESCOLONIZA FILMES E PRODUCOES ARTISTICAS LTDA
"19.457.687/0001-17",ESTÚDIO GIZ PRODUÇÕES LTDA. - ME
"05.249.852/0001-30",LUDWIG MAIA ARTHOUSE DISTRIBUIDORA DE FILMES LTDA
"08.656.129/0001-64",PROVIDENCE DISTRIBUIDORA DE FILMES LTDA - EPP
"03.931.658/0001-05",LARTY MARK LTDA
"15.263.576/0001-19",LIVRES DISTRIBUIDORA DE AUDIVISUAL LTDA ME
"20.792.427/0001-87",LUCAS P. BONALUMI - CRIACAO E PRODUCAO DE CONTEUDO
"01.666.326/0001-15",CAVIDEO PRODUÇÕES COMÉRCIO E LOCAÇÃO DE FILMES LTDA
"00.020.648/0001-20",PRODIGO FILMS LTDA
"06.935.870/0001-39",JEFF & SPORTS MARKETING E COMUNICAÇÃO
"11.265.176/0001-91",PRETA PORTÊ FILMES E PRODUÇÕES CULTURAIS LTDA
"27.865.757/0001-02",GLOBO COMUNICACAO E PARTICIPACOES S/A
"73.042.962/0001-87",THE WALT DISNEY COMPANY (BRASIL) LTDA.
"32.656.607/0001-10",GALERIA DISTRIBUIDORA AUDIOVISUAL LTDA
"02.469.679/0001-98",ZETA FILMES LTDA
"05.933.574/0001-36",PIPA NATIVA PRODUÇÃO CULTURAL LTDA
"47.721.628/0001-40",BITELLI FILMS LTDA
"68.317.445/0001-33",CINEMA BRASIL DIGITAL - ESCRITÓRIO DE PLANEJ. EMPR. AUD. LTDA
"07.616.202/0001-01",FREESPIRIT DISTRIBUIDORA DE FILMES LTDA.
"04.760.800/0001-61",MERCURIO PRODUCOES LTDA
"21.859.821/0001-58","IMAGENACAO PRODUCOES CINEMATOGRAFICAS, ARTISTICAS E CULTURAIS LTDA"
"33.356.343/0001-42",SA DISTRIBUIDORA DE CONTEÚDO AUDIOVISUAL LTDA
"28.083.221/0001-90",OLHAR DISTRIBUICAO DE FILMES LTDA
"67.431.718/0001-03",O2 PRODUÇÕES ARTÍSTICAS E CINEMATOGRÁFICAS LTDA.
"02.533.399/0001-00",TRINCA FILMES LTDA.
"08.346.733/0001-94",RESERVA NACIONAL DISTRIBUIDORA DE FILMES LTDA.
"10.780.165/0001-87",BRITO E SANTOS PRODUCOES LTDA
"50.552.809/0001-02",CINE CAXAMBU LTDA
"19.988.239/0001-40",ATMAN FILMES E CRIAÇÕES LTDA
"02.668.665/0001-01",ANTONIO FERNANDES FILMES LTDA
"00.146.442/0001-40",RJ DISTRIBUIDORA DE FILMES LTDA
"00.487.854/0001-44",SIRINO E SILVESTRE LTDA-ME
"08.741.983/0001-29",VEREDA FILMES LTDA
"34.433.654/0001-20",GARDA DISTRIBUIDORA DE FILMES LTDA
"08.257.054/0001-49",SM DISTRIBUIDORA DE FILMES LTDA
