"registro_exibidor","nome_exibidor","cnpj_exibidor","registro_grupo_exibidor"
51935,CINE LASER TANGARA LTDA,"46.266.327/0001-00",6000104
5654,REDECINE-CPQ CINEMATOGRÁFICA LTDA,"07.665.262/0001-14",6000014
44837,REDECINE SANTOS CINEMATOGRAFICA LTDA,"35.441.232/0001-60",6000014
38540,QL ENTRETENIMENTOS LTDA ME,"28.700.062/0001-25",6000205
19465,CINE LASER CINEMAS LTDA,"03.569.447/0001-74",6000104
23316,CINEMAX CINEMAS FRANCISCO BELTRAO LTDA,"11.211.483/0001-90",6000122
20979,CINE GLOBO EXIBICOES CINEMATOGRAFICAS LTDA,"14.805.201/0001-70",6000010
15092,JOSUE´S CINE & FOTO LTDA,"07.723.488/0001-24",6000036
37347,SUELI VIEIRA DO PRADO - EIRELI,"27.606.307/0001-97",6000051
437,DELTA FILMES LTDA,"01.735.159/0001-17",6000013
2376,REDECINE TOTAL CINEMATOGRÁFICA LTDA,"06.034.577/0001-09",6000014
45886,GF ANDRADE ENTRETENIMENTO E COMÉRCIO LTDA,"23.200.362/0001-21",6000141
46087,JOSUE'S CINE SANTA CRUZ LTDA,"36.187.298/0001-38",6000036
1944,CINEMA ARTEPLEX LTDA.,"04.969.463/0001-17",6000029
33805,CINE LASER BARRA DO GARÇAS LTDA- ME,"24.864.214/0001-74",6000104
592,ESTAÇÃO CINEMA E CULTURA LTDA,"02.745.624/0001-63",6000030
59459,CINEMATOGRÁFICA MARATAÍZES LTDA,"54.997.995/0001-36",6000000
2977,JUBARTE FILMES LTDA-ME,"05.297.810/0001-75",6000025
2685,CINECLUBE PAU BRASIL,"29.171.311/0001-03",6000030
28341,JOSUE'S CINE ALAMEDA LTDA,"21.428.764/0001-52",6000036
16520,RAFAEL GUIMARÃES ROSA RIBEIRO-ME,"04.857.338/0001-15",5002765
27371,ULTRAVISÃO CINEMAS E ENTRETENIMENTO LTDA.,"08.234.750/0001-30",6000182
5252,CINEMATOGRÁFICA GUARAPARI LTDA,"05.077.549/0001-06",6000000
5892,EXIBIDORA NACIONAL DE FILMES LTDA,"04.579.250/0001-89",6000106
2912,MAXI CINEMATOGRÁFICA LTDA,"05.279.756/0001-35",6000100
56240,JJCINEMAS LTDA,"52.301.384/0001-86",6000163
17776,JOSUE'S CINE SHOPPING LTDA,"11.122.144/0001-37",6000036
24536,REDECINE MOGI GUAÇU CINEMATOGRÁFICA LTDA,"16.888.328/0001-26",6000014
3758,ESPAÇO CULTURAL DE CINEMA DE SALVADOR LTDA,"06.953.374/0001-08",6000029
24296,PLANET CINEMAS CARUARU LTDA,"17.291.890/0001-30",6000048
25182,REDECINE SUL CINEMAS LTDA.,"18.672.374/0001-19",6000014
2897,MOVIE CINEMAS LTDA,"04.708.972/0001-96",6000100
45996,JOSUÉ´S CINE ARCOS LTDA.,"33.564.975/0001-00",6000036
52290,CINE LASER CASCAVEL LTDA,"47.093.852/0001-34",6000104
15242,CINE FILMES LTDA,"02.120.825/0001-75",6000084
28561,C A VIEIRA LEMOS E CIA LTDA,"20.334.881/0001-94",6000040
2904,CINEPASS CINEMATOGRÁFICA LTDA,"03.387.103/0001-44",6000100
38234,CINE ELI AMAZONAS CINEMAS LTDA - EM RECUPERAÇÃO JUDICIAL,"28.619.116/0001-22",6000006
15568,CIRCUITO ENTRETENIMENTO E CINEMAS LTDA,"08.068.712/0001-54",6000028
34179,CINEMATOGRAFICA BOITUVA LTDA ME,"21.528.711/0001-03",6000000
53478,CARVALHO E CIA LTDA,"47.456.102/0001-80",6000040
4497,FUNDAÇÃO CULTURAL DE CURITIBA,"75.123.125/0001-08",6000094
11751,SR RIO DE JANEIRO CINEMAS S/A,"08.262.566/0001-01",6000037
15673,VITOMAQ PRODUÇÕES ARTISTICAS E CINEMA LTDA - ME,"07.617.254/0001-00",6000023
2379,MOVIESYSTEM CINEMATOGRAFICA LTDA,"04.533.831/0001-80",6000014
2892,CINEMAIS CINEMAS LTDA,"03.868.869/0001-40",6000017
2921,CINEMATOGRÁFICA JARAGUÁ LTDA,"04.766.792/0001-60",6000100
2612,UCI RIBEIRO LTDA,"02.117.937/0001-77",6000059
1660,ORIENT FILMES - DISTRIBUIDORA DE FILMES LTDA,"14.714.331/0001-06",6000046
52398,HENKES E RIBEIRO BARREIRAS LTDA,"47.500.783/0001-36",6000050
15558,CINE QUINZE CINEMAS LTDA,"04.752.934/0001-30",6000012
2914,CINEMATOGRÁFICA PASSOS LTDA,"01.688.909/0001-47",6000100
46893,CINEMATOGRAFICA CINEMA UBA LTDA,"35.486.652/0001-62",6000000
37455,FLORIPA FILMES LTDA,"28.032.122/0001-89",6000025
17605,J B PINHEIRO ALVES JUNIOR - ME,"06.114.134/0001-10",6000047
19398,DIAS CINEMATOGRÁFICA LTDA-EPP,"12.128.142/0001-18",6000056
17266,CINEPOLIS OPERADORA DE CINEMAS DO BRASIL LTDA,"09.652.820/0001-32",6000024
44414,CINE LASER NORTE CINEMA LTDA,"34.626.954/0001-26",6000104
41390,CINEMAS H RIBEIRO GUANAMBI LTDA,"31.728.035/0001-75",6000050
33770,TUBARÃO FILMES LTDA,"24.971.903/0001-88",6000025
16897,JOSUÉ´S CINE HOTEL FAZENDA SOBRADINHO LTDA-ME,"11.571.077/0001-38",6000036
49915,CINE LASER PORTO VELHO CINEMAS LTDA,"42.858.109/0001-04",6000104
3136,MSA EMPRESA CINEMATOGRÁFICA LTDA,"03.608.600/0001-25",6000002
31135,REDECINE LONDRINA CINEMATOGRAFICA LTDA,"21.923.650/0001-89",6000014
25229,MOVIEPASS CINEMATOGRÁFICA LTDA,"18.695.259/0001-60",6000100
44041,CINE ELI SERGIPE CINEMAS LTDA,"30.456.242/0001-55",6000006
40317,CINE ELI BAHIA CINEMAS LTDA - EM RECUPERACAO JUDICIAL,"30.096.740/0001-34",6000006
20441,CINE CANASTRA LTDA,"14.583.558/0001-51",6000036
2336,RESERVA CULTURAL DE CINEMA LTDA.,"05.924.151/0001-50",6000092
3103,EMPRESA CINEMATOGRÁFICA ARAÇATUBA LTDA,"03.519.995/0001-90",6000002
28464,CINE A MARABA LTDA,"21.160.773/0001-05",6000008
35815,CINEMAS HENKES RIBEIRO LEM LTDA ME,"22.515.244/0001-40",6000050
6385,CINEPLUS PRODUÇÕES ARTISTICAS E CINEMA LTDA,"07.699.790/0001-94",6000023
30763,CINEMA FRAIBURGO LTDA,"17.067.309/0001-00",6000034
39188,MULTIPLEX DO BRASIL ENTRETENIMENTO LTDA,"27.595.833/0001-07",6000049
16379,MANCHESTER DIVERSÕES E CINEMAS LTDA,"50.815.372/0001-44",6000021
22215,LB CINEMAS LTDA,"15.068.493/0001-79",6000106
58033,CINEMATOGRÁFICA MARIANA LTDA,"54.331.013/0001-72",6000000
50127,GEFA COMERCIO E ENTRETENIMENTO LTDA,"44.323.768/0001-71",6000141
5935,MULTICINE CINEMAS LTDA,"07.609.246/0001-04",6000045
14813,UNIVERSAL EMPRESA CINEMATOGRAFICA LTDA,"07.293.523/0001-12",6000110
32155,EWERTON LUIS DE SOUZA BRANDOLT,"23.288.683/0001-20",6000103
31741,REDECINE GRANJA VIANNA ADMINISTRADORA SPE LTDA,"23.669.825/0001-07",6000014
44914,REDECINE RIO GRANDE CINEMATOGRAFICA LTDA,"35.804.953/0001-97",6000014
55562,CINEMATOGRÁFICA JOÃO MONLEVADE LTDA,"51.901.083/0001-20",6000000
16442,PNP SUL LTDA,"07.379.747/0001-41",6000096
34615,MF 3000 - EMPREENDIMENTOS E PARTICIPAÇÕES LTDA-ME,"17.498.681/0001-62",6000107
31641,CINEMATOGRÁFICA CATAGUASES LTDA EPP,"21.257.121/0001-93",6000000
44834,CINEINTER EXIBICOES CINEMATOGRAFICAS LTDA,"35.477.354/0001-06",6000140
34841,JONASCE LTDA.- ME,"00.977.351/0001-57",6000036
40590,CINEMATOGRÁFICA LAFAIETE LTDA.,"30.670.167/0001-20",6000000
5722,CINEMA E ARTE PRODUÇÕES LTDA,"03.719.055/0001-44",6000052
37601,CINE ELI PARAÍBA CINEMAS LTDA,"28.492.489/0001-85",6000006
30598,CINEMA E BOMBONIERE ROXY LTDA ME,"58.138.769/0001-50",6000051
5857,MACLAU - EXIBICOES CINEMATOGRAFICAS LTDA,"01.855.811/0001-37",6000056
1843,CINEMARK BRASIL S.A,"00.779.721/0001-41",6000018
14200,ARTE VITAL EXIBIÇÕES CINEMATOGRÁFICAS LTDA,"03.459.043/0001-28",6000083
27979,CARIRI PLEXCINE LTDA,"19.805.153/0001-34",6000046
3152,SUL FLUMINENSE CINEMAS LTDA,"06.649.108/0001-96",6000019
27814,CINEMATOGRÁFICA LIMEIRA LTDA,"17.360.792/0001-08",6000006
749,UNITED CINEMAS INTERNATIONAL BRASIL LTDA.,"01.289.530/0001-64",6000058
2968,LUI CINEMATOGRÁFICA LTDA.,"71.912.711/0001-80",6000057
18049,VALE DO CAFÉ CINEMAS LTDA,"12.259.599/0001-61",6000019
34798,TOTALCINE CINEMATOGRAFICA LTDA,"26.195.557/0001-19",6000120
1991,EMPRESA CINEMAS SÃO LUIZ S/A,"33.497.660/0001-89",6000037
3074,EMPRESA CINEMATOGRÁFICA ARAUJO LTDA,"01.172.224/0001-43",6000002
14927,S.L. MILANI CINE E VIDEO PPE,"14.659.833/0001-73",6000009
2203,PRAIA DE BELAS EMPREENDIMENTOS CINEMATOGRÁFICOS LTDA,"94.087.921/0001-87",6000031
3227,CINE A BRAGANCA PAULISTA LTDA,"41.861.923/0001-15",6000008
49988,CINEMATOGRÁFICA OURO BRANCO LTDA,"44.084.629/0001-32",6000000
22546,REDECINE BRA CINEMATOGRÁFICA S.A.,"15.422.993/0001-67",6000027
44323,CINE LASER CINEMAS NORDESTE LTDA,"34.860.287/0001-41",6000104
44707,LC EXIBICOES CINEMATOGRAFICAS LTDS,"35.370.320/0001-18",6000121
23053,CRYK CINEMA RIO DAS OSTRAS LTDA,"09.208.805/0001-08",6000016
24534,REDECINE BSB CINEMATOGRÁFICA LTDA,"18.087.870/0001-05",6000014
42975,MB EXIBICOES CINEMATOGRAFICAS GOIANESIA LTDA,"33.296.719/0001-70",6000040
12893,ESTILO PRODUÇÕES ARTISTICAS LTDA,"03.293.165/0001-97",6000023
2923,EMPRESA CINEMATOGRÁFICA IPATINGA LTDA,"02.962.893/0001-81",6000100
14251,MOVIE ARTE CINEMAS LTDA,"10.202.181/0001-92",6000041
16321,EMPRESA DE CINEMAS FORTALEZA LTDA,"10.785.710/0001-28",6000006
5289,MAHMUD & PEREIRA LTDA.,"07.451.496/0001-69",6000105
52867,CINEMAS HENKES E HENKES LTDA,"47.620.410/0001-07",6000050
2836,EMPRESA SAO LUIZ DE CINEMAS LTDA - EM RECUPERACAO JUDICIAL,"52.067.071/0001-05",6000006
46989,CINE LASER CACOAL EXIBICOES CINEMATOGRAFICAS LTDA,"38.479.610/0001-92",6000104
46321,"TONKS CINEMATOGRAFICA, CONSULTORIA E EDITORA EIRELI","08.683.176/0001-05",6000182
45452,AMAZON SERVICOS DE DIVERSOES LTDA,"17.821.400/0001-60",6000104
38751,L N DA ROCHA & CIA LTDA - ME,"29.099.414/0001-00",6000121
44751,CRYK CINEMA BACAXA LTDA,"35.282.350/0001-72",6000016
47429,CINE RITZ PARÁ DE MINAS LTDA.,"38.594.282/0001-75",6000000
47830,MOBI CINE GURUPI LTDA,"38.410.834/0001-48",6000040
37101,ROBERTA GORNISKI,"28.105.109/0001-02",6000041
2442,CINEMAS UNIPLEX LTDA,"02.137.637/0001-50",6000007
43959,CINE LASER SUL LTDA,"34.210.030/0001-44",6000104
18328,CRYK CINEMA ARARUAMA LTDA,"12.991.031/0001-30",6000016
49849,ESPAÇO DE CINEMA SUL LTDA,"43.713.936/0001-72",6000027
5979,CINE GRACHER LTDA,"07.272.690/0001-87",6000032
25436,SRS PLANET CINEMAS LTDA,"13.250.172/0001-65",6000048
24035,EMPRESA DE CINEMAS ARCOPLEX S.A,"17.040.988/0001-15",6000003
57240,REDECINE CATARINA CINEMATOGRAFICA LTDA,"51.747.852/0001-88",6000014
2702,PROMOVE ADMINISTRACAO E REALIZACOES LTDA,"28.450.641/0001-67",6000019
260,PLAYARTE CINEMAS LTDA.,"60.434.149/0001-00",6000049
32360,EMPRESA DE CINEMA E AUDIOVISUAL DE SÃO PAULO S.A.,"21.278.214/0001-02",6000055
12264,AFA CINEMATOGRÁFICA LTDA ME,"01.847.282/0001-20",6000000
12489,VIA SUL CINEMATOGRÁFICA LTDA,"08.537.690/0001-24",6000000
36999,CINE ELI SP CINEMAS LTDA,"27.676.231/0001-76",6000006
24025,CINE SÃO MATEUS LTDA,"17.151.166/0001-01",6000000
43571,GOYTACAZES FILMES LTDA,"34.099.574/0001-80",6000025
53307,MB EXIBICOES CINEMATOGRAFICAS SENADOR LTDA,"48.786.813/0001-85",6000040
23486,ESQ ENTRETENIMENTOS LTDA.,"04.907.271/0001-86",6000205
36183,CINELUZ CINEMA LTDA,"27.232.323/0001-67",6000023
50817,CINEFLEXX LTDA,"45.317.407/0001-85",6000161
13919,EMPRESA DE CINEMAS SERCLA LTDA,"86.608.171/0001-13",6000106
56735,CINEMATOGRAFIA CENTER POWER SHOPPING LTDA,"49.493.847/0001-44",6000000
37001,CINEMAS RIBEIRO HENKES BARREIRAS LTDA ME,"26.627.435/0001-54",6000050
44321,CIA DE CINEMA BRASIL,"33.214.625/0001-05",6000021
50119,CINE VALLEY EXIBICOES CINEMATOGRAFICAS LTDA,"44.229.361/0001-80",6000140
43318,RANIEL LOPES MORAIS,"33.747.165/0001-80",6000110
34889,CINESTILO CINEMAS LTDA,"26.689.743/0001-04",6000023
2869,FEIRA PLEXCINE LTDA.,"04.547.950/0001-91",6000046
34494,MOVIECINE EMPRESA DE CINEMAS LTDA- ME,"26.194.106/0001-67",6000045
35103,CINEMAX CINEMA CANOINHAS LTDA-ME,"26.600.209/0001-80",6000122
15833,CINE A LTDA,"10.894.937/0001-01",6000008
52193,RR2 CINEMATOGRAFIA LTDA,"48.169.629/0001-96",6000204
2364,CINEMAS PARIS SEVERIANO RIBEIRO LTDA,"31.611.189/0001-82",6000037
38236,C A V LEMOS E CIA LTDA - ME,"14.717.191/0001-11",6000040
30170,ATLANTICO CINE LTDA - EPP,"22.455.854/0001-03",6000034
32420,CINEMATOGRAFICA ARACRUZ LTDA ME,"21.033.878/0001-01",6000000
23499,CINEMAS HENKES RIBEIRO LTDA ME,"37.897.907/0001-05",6000050
34407,CINE RITZ DIVINÓPOLIS LTDA. - EPP,"15.800.338/0001-03",6000000
43781,REDECINE PINDAMONHANGABA CINEMAS LTDA,"34.408.375/0001-07",6000034
29560,CINEMATOGRAFICA NORDESTE LTDA,"21.599.452/0001-01",6000006
60169,MOVIEPLACE EMPRESA DE CINEMAS LTDA,"57.389.738/0001-00",6000045
5221,CINEMATOGRAFICA CACHOEIRO LTDA,"04.736.746/0001-19",6000000
50203,CINE LASER CINEMAS UMUARAMA LTDA,"40.850.944/0001-72",6000104
15263,REDECINE - VALESUL CINEMATOGRAFICA LTDA,"09.173.008/0001-24",6000037
5130,CINE PRIME CINEMA LTDA,"05.897.142/0001-17",6000018
24511,VICTORY EVENTOS & TURISMO LTDA,"05.607.525/0001-03",6000141
2606,UCI-ORIENT LTDA,"01.562.356/0001-81",6000060
2872,EMPRESA CENTERPLEX DE CINEMAS LTDA,"00.812.310/0001-00",6000006
3132,CINEMAS ALVORADA DIVERSÕES LTDA,"02.104.789/0001-56",6000002
5348,REDECINE - RIO CINEMATOGRAFICA S.A.,"07.524.011/0001-10",6000027
44714,CINE + ARTE SOMBRIO LTDA,"35.505.937/0001-01",6000103
29417,CINEMATOGRÁFICA PIÚMA LTDA,"19.387.261/0001-34",6000000
38939,J J DE M SILVA,"29.749.129/0001-89",6000163
17628,C.A.V. LEMOS,"08.913.231/0001-06",6000040
37280,LEMOS & MORAIS LTDA - ME,"28.230.884/0001-90",6000040
27912,CINEMAS USINA LIBERDADE LTDA,"42.898.015/0001-69",6000029
1994,SR SÃO PAULO CINEMAS S/A,"04.006.465/0001-00",6000037
19845,JOSUÉ´S CINE SAMONTE LTDA.,"13.067.326/0001-88",6000036
13977,ADICINE ADMINISTRADORA DE CINEMAS LTDA,"03.879.383/0001-08",6000106
2973,TATU FILMES LTDA,"72.089.667/0001-13",6000025
44276,EMPRESA CINEMATOGRAFICA BOMBOCINE LTDA,"21.298.337/0001-05",6000034
16398,P.M.C. CINEMAS DO BRASIL LTDA,"04.488.617/0001-59",6000109
16319,THAYSE RIBEIRO DA SILVA - ME,"07.188.646/0001-93",
11739,SECRETARIA DE ESTADO DE CULTURA - SEC,"01.801.623/0001-26",
17036,PREFEITURA MUNICIPAL DE PORTO ALEGRE,"92.963.560/0001-60",
13331,CONGO EXIBIDORA DE FILMES LTDA,"07.959.131/0001-40",
14837,EMPRESA CINEMATOGRÁFICA VOTUPORANGA LTDA-ME,"08.380.126/0001-40",
14008,CINE ART CAFÉ LTDA,"09.560.462/0001-38",
15121,J.D.CAMILLO EMPRESA CINEMATOGRAFICA,"10.626.318/0001-36",
13913,DS OPERADORA DE CINEMAS LTDA,"08.469.658/0001-59",
60043,FVL EMPRESA CINEMATOGRAFICA LTDA,"37.382.860/0001-47",
5686,GAF ENTRETIMENTO LTDA,"06.106.029/0001-39",
23540,MUNICÍPIO DE JAGUARIAÍVA,"76.910.900/0001-38",
28628,BLUE TULIP TECNOLOGIA DA INFORMAÇÃO LTDA-ME,"21.433.238/0001-80",
7010,LACERDA E RAMALHO LTDA,"34.765.263/0001-03",
5947,RBM CINEMAS LTDA,"02.564.762/0001-46",
20395,REGILSON CAVALCANTE SILVA-ME,"14.583.616/0001-47",
58094,SERVIÇO SOCIAL DO COMÉRCIO - SESC,"03.482.931/0001-61",
16497,XODÓ CULTURA E COMUNICAÇÃO LTDA,"08.057.279/0001-51",
14819,CINE XIN LTDA,"05.044.278/0001-84",
16155,CASA SUNSET - INSTITUTO NAUM TURQUENITCH DE CINEMA E CULTURA,"08.549.765/0001-97",
1083,CIRCUITO CINEARTE LTDA,"01.425.583/0001-65",
2737,CINEMA DE ARTE DO PARÁ LTDA,"05.434.758/0001-51",
14744,FOURPLAY CINE E DIVERSÕES LTDA.,"09.523.350/0001-07",
22445,CINE AGES LTDA - ME,"16.655.689/0001-22",
14609,MUNICIPIO DE EXTREMA,"18.677.591/0001-00",
16655,REDECINE LITORAL CINEMATOGRÁFICA LTDA,"11.319.136/0001-85",
19547,FUNDAÇÃO NELITO CÂMARA,"07.427.104/0001-26",
1231,EMPRESA BAIANA DE EXIBIÇÕES CINEMATOGRÁFICAS E TEATRAIS LTDA,"33.810.854/0001-92",
28674,JM KIMAK EPP,"14.477.574/0001-60",
2241,BOX CINEMAS DO BRASIL LTDA (BAIXADO),"04.654.405/0001-02",
15565,CINE CATARATAS LTDA,"09.010.219/0001-46",
15955,IMPERIAL EMPRESA CINEMATOGRÁFICA EIRELI-ME,"37.637.279/0001-29",
2870,CINE LEUCK LTDA.,"06.696.265/0001-52",
14919,CINEMA ALAMEDA LTDA,"10.552.783/0001-70",
15949,MULTICINE GESTÃO DO IMAGINÁRIO LTDA,"08.713.496/0001-52",
47328,CINESALA EXIBIÇÕES E EVENTOS LTDA,"19.361.857/0001-65",
310,F. J. CINES LTDA,"61.574.109/0001-27",
43182,MARIA JOSE CARVALHO RAMOS,"33.722.088/0001-04",
20005,PAULO ROBERTO PEREIRA DE MOURA,"13.595.986/0001-31",
27360,MUNICÍPIO DE CAFELÂNDIA (SP),"46.186.375/0001-99",
53910,CINE XTREME EUNAPOLIS LTDA,"50.224.868/0001-43",
14941,VITORIA REGIA POUSADA PRAIA HOTEL LTDA.ME,"04.782.121/0001-93",
16478,LH-TAVARES PROJEÇÃO DE FILMES E VIDEOS - ME,"10.842.844/0001-33",
19403,CINEMA SHOPPING SERRA LTDA - ME,"03.736.558/0001-28",
21813,REDECINE HORTOLÂNDIA CINEMATOGRÁFICA LTDA.,"13.990.660/0001-09",
2733,ESPAÇO DE CINEMA JUIZ DE FORA LTDA,"02.715.607/0001-83",
14983,REDECINE CRT CINEMATOGRAFICA LTDA,"10.559.957/0001-26",
2491,CINE GUARANI LTDA,"83.056.937/0001-06",
14828,CINE SÃO ROQUE DIVERSÕES LTDA - ME,"02.812.929/0001-40",
15085,CINE EMBAIXADOR S/A,"90.261.629/0001-88",
27196,CINE TORRES LTDA - ME,"20.342.946/0001-43",
12323,CENTRO DE ESTUDOS CASA CURTA-SE,"06.036.728/0001-50",
13468,CINEAR PRODUCOES E EXIBICOES CINEMATOGRAFICAS EIRELI,"07.137.708/0001-38",
14972,CINECLUBE CAUIM,"51.820.371/0001-50",
15617,G.A.GADELHA-ME,"09.607.124/0001-04",
13979,FUNDAÇÃO CULTURAL CASSIANO RICARDO,"45.395.704/0001-49",
53214,CINE GXPSP PROMOCOES E EVENTOS LTDA,"49.955.145/0001-35",
44201,CINE PICOS LTDA,"34.953.640/0001-38",
19443,JAIR ROGERIO BRANCO DOMINGUES,"09.287.299/0001-81",
1229,EMPRESA CINE TEATRO TAMOIO LTDA,"33.924.739/0001-49",
37637,CINE FLORESTA LTDA,"28.416.012/0001-10",
17732,CINEPLEX CINEMATOGRAFICA LTDA,"12.474.469/0001-41",
25923,XMOVIES LTDA,"18.873.801/0001-27",
21911,MULTIPLICANDO TALENTOS,"09.008.738/0001-70",
2950,CINE MOCOCA S.A.,"52.503.844/0001-59",
22591,D.SOUZA & CORREA CINEMATOGRAFIA LTDA - ME,"15.781.274/0001-32",
14789,SERGIO MAURILIO DA SILVA GONCALVES & CIA LTDA,"68.734.029/0001-30",
15014,CINE TEATRO ITAPERUNA LTDA,"03.958.383/0001-01",
40186,ROMÃ PRODUTORA CULTURAL,"29.403.148/0001-59",
6180,LESOR PARTICIPAÇÕES SOCIETÁRIAS LTDA.,"93.212.850/0001-34",
42438,ONG COMUNICA,"07.419.842/0001-21",
22804,LUIS CLAUDIO CERQUEIRA DA ANUNCIACAO-ME,"16.942.537/0001-00",
41867,CINE DIGITAL BRASIL EIRELLI,"24.026.018/0001-20",
14074,MUNICIPIO DE ALEM PARAIBA,"17.709.197/0001-35",
2974,ESTAÇÃO ARTE E EVENTOS LTDA,"03.651.641/0001-02",
50801,SECRETARIA DE ESTADO DA CULTURA DE GOIÁS,"32.746.693/0001-52",
45114,LT3 STUDIOS LTDA,"16.780.750/0001-63",
5639,CINE A TRÊS CORAÇÕES LTDA ME,"05.347.651/0001-76",
5731,STARPLEX COMERCIO E SERVIÇOS LTDA,"00.389.409/0001-41",
16001,WALTER MARTINS DE MENEZES,"11.043.138/0001-94",
16522,VICTOR GUIMARÃES ROSA RIBEIRO-ME,"02.686.502/0001-43",
33764,CINECLUBE TORRES,"15.324.175/0001-21",
2785,CABIRIA CINEMATOGRÁFICA LTDA. (BAIXADA),"06.144.776/0001-61",
14791,"ASSOCIAÇÃO DE CINEMA, CULTURA E ARTE","94.728.409/0001-72",
44336,LUCICLEIDE FERREIRA DE SOUSA,"31.154.849/0001-43",
5867,CINEMATOGRÁFICA ITAJUBA LTDA,"07.172.325/0001-09",
19834,JESUS ADAIR DE MENEZES,"92.501.832/0001-00",
27464,ROBERTO DE SOUSA PEREIRA - ME,"02.107.595/0001-04",
42782,H. DOS SANTOS PRODUÇÕES ME,"31.006.862/0001-55",
12269,KRD LEOPOLDI LTDA,"04.895.568/0001-79",
19490,H.C. DA GRAÇA & CIA LTDA ME,"07.203.974/0001-11",
26591,ASSOCIAÇÃO CULTURAL ARTE PAJUÇARA - ACAP,"19.442.911/0001-05",
21295,KARLA MAITE RODRIGUES FERREIRA PAZ - ME,"14.692.474/0001-56",
21591,ASSOCIAÇÃO CULTURAL DE DESENVOLVIMENTO DE TECNOLOGIAS HUMANAS - INSTITUTO DAGAZ,"11.290.496/0001-00",
29107,HDA EVENTOS E PRODUÇÕES LTDA-ME,"16.623.751/0001-02",
11815,ORLANDO E. G. LOPES,"92.904.820/0001-26",
17706,SIDARTHA PRODUCOES CINEMATOGRAFICAS EIRELI,"11.421.308/0001-27",
19475,TREVISAN CINEMATOGRAFICA LTDA,"10.598.871/0001-02",
32417,PAULO DELMONICO ME,"15.909.666/0001-34",
17200,REDECINE SLZ CINEMATOGRÁFICA LTDA,"10.670.924/0001-59",
1304,URCA FILMES LTDA,"05.256.465/0001-21",
4008,FUNDAÇÃO CULTURAL DE BLUMENAU,"83.799.551/0001-94",
42562,SANTANA E ALMEIDA LTDA,"33.042.782/0001-80",
50183,PORTAL CINE - LTDA,"44.142.090/0001-20",
1999,SR ESPIRITO SANTO CINEMAS S/A (BAIXADA),"05.347.391/0001-39",
4775,GMZ EMPRESA DE CINEMAS LTDA ME,"04.769.554/0001-09",
59987,CINEMATOGRÁFICA DIAMANTINA LTDA,"57.646.165/0001-52",
18918,MRPAES CINEMATOGRAFICA LTDA - ME,"05.936.450/0001-04",
3147,SHEYLA KARYNA ALCANTARA ALMEIDA ME,"03.648.064/0001-91",
39721,DB BOTELHO CINEMAS LTDA,"29.315.197/0001-30",
2741,VIRAMUNDO CINEMA E PARTICIPAÇÕES LTDA.,"03.623.153/0001-83",
12138,ASSOCIACAO CULTURAL ARTISTICA CINE FAVELA,"06.373.008/0001-80",
22172,CINE A POUSO ALEGRE LTDA - ME,"16.568.391/0001-85",
17973,SERVINFO COMERCIAL CINEMA LTDA ME,"08.239.269/0001-37",
19420,SÃO SEBASTIÃO DO CAÍ PREFEITURA,"88.370.879/0001-04",
15096,CINESIM SERVIÇO E COMERCIO PARA LAZER E DIVERSÃO LTDA,"10.298.762/0001-70",
5991,SIGMA DIVERSÕES E EVENTOS LTDA,"01.243.263/0001-94",
5725,IMPERIAL TURISMO E EVENTOS EIRELI,"01.732.317/0001-85",
5795,ASSOCIAÇÃO SOCIEDADE BRASILEIRA DE INSTRUÇÃO,"33.646.001/0001-67",
38862,GREMIO FERROVIÁRIO FERREIRENSE,"55.190.029/0001-75",
6039,SANTA CLARA CINE ART LTDA - ME,"05.244.369/0001-63",
49854,CINE XTREME PAULO AFONSO LTDA,"43.574.222/0001-20",
14778,CENTRO CULTURAL DERCY GONÇALVES,"05.478.372/0001-41",
6562,L. JOSÉ FERREIRA,"01.232.088/0001-30",
28754,CENTRO DE ENTRETENIMENTO DE BALSAS LTDA,"14.006.984/0001-22",
98,ART FILMS S/A,"33.353.327/0001-04",
22958,HELIFALLS ENTRETENIMENTOS LTDA,"14.792.271/0001-31",
30809,MUNICIPIO DE IBIPORA,"76.244.961/0001-03",
12486,CINEMATOGRÁFICA DIVINÓPOLIS EIRELI,"08.451.580/0001-45",
12517,ROSÂNGELA APARECIDA FERNANDES BELLUZZO - ME,"04.838.055/0001-26",
2049,INFOCLICK EMPREENDIMENTOS LTDA,"02.750.969/0001-05",
15645,DAVILSON DE JESUS TALASSI - ME,"64.499.320/0001-10",
27880,ACAMLS - ASSOCIAÇÃO CULTURAL DE AMIGOS DO MUSEU LASAR SEGALL,"60.262.086/0001-52",
61190,CINE LASER CUIABA LTDA,"57.072.661/0001-40",
15009,ORLANDI MARCHESE LTDA - ME,"03.091.068/0001-11",
31314,CINEMAS HENKES RIBEIRO UNAI LTDA,"18.501.407/0001-68",
17932,RUI SEGATE,"12.113.490/0001-11",
14783,MUNICIPIO DE SANTA CRUZ DO RIO PARDO,"46.231.890/0001-43",
1982,STARPLEX CINEMAS E PARTICIPAÇÕES LTDA,"05.924.320/0001-51",
54332,INSTITUTO OSWALDO RIBEIRO DE MENDONÇA,"07.602.959/0001-46",
39885,UNIVERSIDADE FEDERAL DO ESPÍRITO SANTO,"32.479.123/0001-43",
18569,MP CINEMAS LTDA,"12.983.519/0001-16",
37948,REDE CIDADE DE COMUNICACAO E CIDADANIA,"05.356.414/0001-71",
2980,EMPRESA CINEMATOGRÁFICA REPUBLICA LTDA,"03.340.747/0001-87",
2955,CINE PRIMAVERA LTDA (BAIXADO),"05.453.652/0001-03",
12061,BRAZUCAH PRODUÇÕES CULTURAIS LTDA,"05.357.127/0001-86",
21510,PREFEITURA MUNICIPAL DE BOM JARDIM,"28.561.041/0001-76",
59461,UNIVERSIDADE FEDERAL DE ALAGOAS,"24.464.109/0001-48",
1014,CIRCUITO ESPAÇO DE CINEMA S/A,"03.695.435/0001-96",
5970,F T A JANNUZZI ME,"02.937.363/0001-83",
14781,GIOVANNI ZEM RODRIGUES,"10.443.079/0001-89",
38712,ASSOCIAÇÃO DE PAIS E AMIGOS DOS SURDOS DE IBIPORÃ,"08.849.365/0001-05",
5728,ASSOCIAÇÃO CULTURAL CINE CEARÁ,"02.945.813/0001-80",
47680,SHARKCINE LTDA,"40.448.952/0001-97",
1263,USINA DE CINEMA LTDA.,"25.467.226/0001-28",
15793,CINE VALINHOS CINEMAS E BOMBONIERE LTDA,"09.252.808/0001-30",
5925,MUNICIPIO DE CATAGUASES,"17.702.499/0001-81",
41518,CURITIBA ARTE - INSTITUTO CURITIBA DE ARTE E CULTURA,"05.503.775/0001-01",
14006,CINEARTE POMPEIA LTDA,"08.658.141/0001-08",
4828,CINE BOULEVARD LTDA,"05.311.158/0001-04",
27217,ROMARI APARECIDA DIAS DA SILVA -ME,"14.733.518/0001-49",
5248,MIAQUI & CIA. LTDA,"01.719.159/0001-23",
45324,CULT CINEMAS ALEGRETE LTDA,"34.712.675/0001-85",
5536,UNIVERSIDADE DE SÃO PAULO,"63.025.530/0001-04",
19454,CINEMAS TOP MALL LTDA,"11.407.371/0001-09",
1981,CINEMAS RIVER LTDA,"33.836.990/0001-51",
30194,MAURENTE E MARTINS LTDA,"21.099.169/0001-10",
14489,CENTER CINE E EVENTOS LTDA,"10.311.428/0001-09",
41685,CINE SUL CINEMAS TB - EIRELI,"31.266.859/0001-70",
16539,J C DIB SIMÕES BARBOSA,"05.515.473/0001-45",
6430,KAMAL TAUFIC NACIF - ME (BAIXADA),"51.379.279/0001-05",
26808,FRANCISCO F DE AGUIAR SERVIÇOS EIRELI,"34.901.850/0001-82",
19127,SQ SUPERMERCADOS LTDA,"03.551.654/0001-00",
2522,EDSON COELHO RIBEIRO - ME.,"05.537.117/0001-22",
23194,CINE A LAVRAS LTDA - ME,"17.402.303/0001-33",
41664,BRANDOLT E CIA LTDA,"31.320.834/0001-08",
4626,SERENDIP FILMES LTDA,"06.911.780/0001-08",
54108,CULT CINEMAS VICTORIA LTDA,"51.066.341/0001-09",
24231,CINEMAGIC VITORIA CINEMAS LTDA - ME,"18.012.019/0001-13",
19987,R E P DAS NEVES CINE CLUB ITAJUBA,"13.952.237/0001-14",
14325,RECANTO TREKKER FILMES LTDA. ME.,"28.324.036/0001-40",
24448,J RAIMUNDO DE CARVALHO - ME,"10.296.934/0001-76",
27311,CINEMAS POLTOSI LTDA ME,"20.154.890/0001-01",
56989,JOSUÉ´S CINE LAGOA DA PRATA LTDA,"40.202.668/0001-36",
2375,REDECINE CWB CINEMATOGRÁFICA LTDA,"05.747.411/0001-69",
27785,CINEMATOGRAFICA MAJO LTDA,"04.525.595/0001-50",
17692,ADC - ASSOCIAÇÃO DESPORTIVA CLASSISTA BUNGE,"46.582.110/0001-00",
59388,SOFF CINE ENTRETENIMENTO LTDA,"57.014.080/0001-51",
2325,ARB BOMBONIERE LTDA,"92.269.141/0001-22",
12438,UNIPRO EDITORA LTDA,"30.521.728/0001-20",
729,FIBRA ELETRÔNICA INDÚSTRIA E COMÉRCIO LIMITADA,"30.027.114/0001-96",
39595,PATROCINE CINEMAS LTDA. - EPP,"28.801.062/0001-11",
2373,TOP FILMS MARKETING LTDA,"00.673.706/0001-14",
53859,PEDRO HENRIQUE FARIAS DOS SANTOS,"50.739.728/0001-08",
19578,CEC - CENTRO DE ENTRETENIMENTO CONCEIÇÃO LTDA,"10.763.360/0001-07",
2732,CIRCUITO CINEARTE LEBLON LTDA -BAIXADA,"04.217.982/0001-29",
19646,RODRIGO YOSHINORI SAITO - ME,"06.339.002/0001-96",
1853,OLLDOG FILMES LTDA,"05.900.572/0001-40",
17599,LETICIA NAZARIO DE SENA ***********,"11.570.201/0001-40",
27375,C.A.TOMAZI-ME,"00.537.808/0001-02",
15155,CENTRO INTEGRADO DE CULTURA,"00.823.045/0001-66",
60861,CINE CARVALHO E CIA LTDA,"56.032.328/0001-44",
36650,SECRETARIA DE ESTADO DE CULTURA DO DISTRITO FEDERAL,"03.658.028/0001-09",
6425,ANAS CINEMAS LTDA. ME,"05.082.681/0001-06",
14806,FUNDAÇAO MUNICIPAL DE CULTURA DE UNIÃO DA VITORIA,"80.060.700/0001-00",
3087,RIBEIRÃO CINEMAS LTDA - EPP,"06.050.506/0001-91",
16113,EMPRESA CINE ROXY LTDA,"58.186.487/0001-29",
32725,VERONILDO COUTINHO DE SOUSA EIRELI- EPP,"24.248.972/0001-68",
57228,CINE ALIANCA LTDA,"51.980.840/0001-07",
15123,CINE A SÃO JOÃO-EXIBIÇÕES CINEMATOGRÁFICAS LTDA-ME,"08.140.232/0001-57",
36779,INSTITUTO DE MEMORIA BRASIL VIVO,"13.348.732/0001-19",
15708,CINE MAX LTDA-ME,"06.912.460/0001-72",
2701,ART BAUHAUS BOMBONIERE LTDA,"03.705.088/0001-35",
12484,CONSTRUTURAL - CONSTRUTORA E INCORPORADORA LTDA,"03.391.886/0001-30",
42059,R ROSA AGENCIA DE PROJETOS E EVENTOS,"15.313.773/0001-03",
3825,MUITO MAIS PROMOÇÕES LTDA,"00.079.647/0001-50",
2979,AQUARIUS CINEMATOGRÁFICA LTDA,"43.709.138/0001-77",
1226,INVÍDEO PRODUÇÕES CINEMATOGRÁFICAS LTDA.,"90.130.634/0001-51",
2140,CINEMAS TERESINA LTDA,"02.142.566/0001-83",
5384,CINE NORTE SUL LTDA ME (BAIXADA),"07.316.925/0001-95",
39423,ALMEIDA E NASR CINEMATOGRAFICA LTDA ME,"29.229.421/0001-70",
41600,ESPACO VILLA RICA LTDA,"31.147.249/0001-58",
24621,AZ CULTURA PROJETOS CULTURAIS E TURISTICOS LTDA - ME,"14.754.514/0001-47",
19511,LUCIANA BARBOSA FREIRE ME,"04.313.335/0001-10",
2967,ZULEIKA SIZOTO LUI EPP,"02.745.423/0001-66",
2770,ARAUJO & ARAUJO CINEMATOGRÁFICA LTDA,"02.808.547/0001-43",
14527,SAVEGNAGO-SUPERMERCADOS LTDA,"71.322.150/0001-60",
15226,PREFEITURA MUNICIPAL DE CARAPEBUS,"01.609.497/0001-02",
14347,GREMIO ARTISTICO E CULTURAL EDMUNDO DE MACEDO SOARES E SILVA,"32.504.193/0001-04",
42798,STAMPA EXIBIÇÕES CINEMATOGRAFICAS LTDA. - ME,"61.524.039/0001-00",
19939,P.D. BORTOLINI & ARAUJO EXIBIÇÃO CINEMATOGRAFICA LTDA,"08.690.677/0001-00",
3112,EMPRESA CINEMAIS LTDA,"03.007.270/0001-12",
35523,CINE SÃO JOSÉ ENTRETENIMENTO LTDA - ME,"26.915.517/0001-02",
14751,CINEVAL LTDA,"20.625.737/0001-07",
6114,INSTITUTO DO PATRIMÔNIO ARTÍSTICO NACIONAL,"26.474.056/0001-71",
49290,ADRIANO RICARDO LEITE - ME,"10.909.404/0001-56",
2521,PONTO ZEN EMPREENDIMENTOS S/S LTDA,"04.290.239/0001-02",
41785,MUNICÍPIO DE PARATI,"29.172.475/0001-47",
12241,PARÁ 2000,"03.584.058/0001-18",
1412,MERCADO DE IMAGENS PROMOÇÕES & CONSULTORIA LTDA,"00.586.119/0001-98",
13234,REDECINE FLN PROMOÇÕES CINEMATOGRÁFICA LTDA,"08.077.339/0001-06",
22866,SECRETARIA DE ESTADO DA CULTURA DE GOIAS,"03.574.676/0001-87",
25385,INSTITUTO DRAGAO DO MAR,"02.455.125/0001-31",
19423,JOSE SERGIO PARANHOS DE ABREU ME,"71.390.835/0001-43",
5910,FUNDAÇÃO CASA DE CULTURA DE CAETÉ,"21.155.528/0001-00",
5335,ANNA HOTEL LTDA,"05.571.182/0001-74",
6450,CINE SCALA LTDA,"49.250.780/0001-17",
15052,CINEMA DUNAS LTDA,"07.114.158/0001-31",
20601,D & F PROJEÇÕES LTDA ME,"14.766.491/0001-90",
14635,CINE PANAMBI ENTRETENIMENTO LTDA,"03.068.279/0001-33",
18591,MUNICIPIO DE PARAGUACU PAULISTA,"44.547.305/0001-93",
5934,MUNICIPIO DE DOIS CORREGOS,"45.671.120/0001-59",
28051,SM ALVES MOURA,"41.450.768/0001-44",
16187,CINE TJ LTDA,"09.686.489/0001-71",
35518,KXK LOCAÇÕES LTDA,"09.256.659/0001-88",
4932,CINECULTURA - PROJEÇÕES CINEMATOGRÁFICAS LTDA,"05.968.600/0001-61",
35535,CONTRALUZ IMAGEM E COMUNICAÇÃO LTDA ME,"69.946.986/0001-93",
26086,STAR CINE FILMES LTDA EPP,"18.898.928/0001-09",
25026,ARCOVERDE PREFEITURA,"10.105.955/0001-67",
2361,MAXIMOVIE CINEMAS LTDA,"02.790.767/0001-97",
2295,SERVICO SOCIAL DO COMERCIO - SESC - ADMINISTRACAO REGIONAL NO ESTADO DE SAO PAULO,"03.667.884/0001-20",
28258,MUNICÍPIO DE QUISSAMÃ,"31.505.027/0001-60",
15381,FUNDAÇÃO CULTURAL DE ILHA SOLTEIRA,"55.757.892/0001-61",
57754,PATROCINEMA LTDA,"27.446.920/0001-94",
14702,PREFEITURA MUNICIPAL DE DUAS BARRAS,"28.564.177/0001-30",
57125,ASSOCIACAO CLUBE LITERARIO TAMBORIL,"23.171.985/0001-13",
12934,FUNDAÇÃO CASA FRANÇA-BRASIL,"31.941.305/0001-21",
16469,CENTER PLAZA LTDA,"03.202.826/0001-21",
13586,ART MOVIE ENTRETENIMENTOS E PROJEÇÕES DE FILMES LTDA - EPP,"07.739.322/0001-04",
5422,CINESTAR CINEMAS LTDA (BAIXADA),"07.421.089/0001-09",
15177,REDE OESTE PAULISTA DE CINEMAS LTDA.,"05.108.185/0001-76",
2351,CINEMATOGRÁFICA LITORAL NORTE LTDA-EPP,"04.165.613/0001-30",
59728,CINE FREITAS EXIBIÇÕES CINEMATOGRAFICAS LTDA,"53.242.222/0001-87",
19525,CINE TEATRO CIANORTE LTDA -ME,"07.555.492/0001-20",
15798,CINEMA ITAIPAVA LTDA,"09.643.250/0001-14",
3072,CINEMATOGRÁFICA YUJIMARS LTDA.,"07.111.691/0001-40",
1089,LIBERDADE PRODUÇÕES LTDA,"66.318.130/0001-85",
14728,CINE-CLUBE BUZIOS,"00.067.617/0001-24",
11771,ASSOCIAÇÃO DE AMIGOS DO CENTRO CULTURAL BANCO DO BRASIL BRASÍLIA- ACCBB,"04.683.219/0001-93",
13124,CINEMAS SANTA ROSA LTDA - EPP,"29.323.920/0001-22",
6099,NILSON HITOSHI KARIMATA - ME,"05.635.242/0001-75",
53644,CINE CAXAMBU LTDA,"50.552.809/0001-02",
38511,CULT CINEMAS LTDA,"28.708.005/0001-92",
42903,MOVIPLEX CINEMA LTDA,"33.426.405/0001-45",
2864,ASSOCIAÇÃO DOS AMIGOS DA CINEMATECA PAULO AMORIM,"91.343.103/0001-00",
5649,CINEMANIACA EXIBIDORA DE FILMES CINEMATOGRÁFICOS LTDA-ME,"03.818.831/0001-63",
12956,L R NETOS CONSTRUTORA E INCORPORADORA LTDA,"27.403.559/0001-19",
5951,CRIUZ VITOR FERREIRA & CIA LTDA-ME,"06.537.626/0001-18",
2772,ESPLANADA CINEMATOGRÁFICA LTDA,"00.567.570/0001-68",
24283,CINEMAX XINGUARA LTDA,"17.654.618/0001-78",
14390,CINEMIX CINE BAR LTDA - ME,"09.431.166/0001-37",
16741,ASSOCIAÇAO BENEFICENTE ADILSON MOREIRA THEODORO,"02.453.576/0001-30",
60490,SESC SERVIÇO SOCIAL DO COMERCIO - SESC,"04.155.096/0001-18",
17555,CINE PALLADIUM LTDA,"10.870.817/0001-74",
5696,CINE SOBRAL ENTRETENIMENTOS LTDA - ME,"05.418.477/0001-05",
14817,ALL FILMS DE CAXIAS LTDA - BAIXADO,"10.289.995/0001-06",
43067,CINECAR SERVICOS CINEMATOGRAFICOS E TURISMO EIRELI,"30.958.829/0001-62",
133,CASA DE CINEMA DE PORTO ALEGRE LTDA.,"94.625.829/0001-23",
57830,CINEMA SALA 1 LTDA,"50.101.556/0001-42",
4959,ADLEB EMPREENDIMENTOS DE ENTRETENIMENTO LTDA,"07.596.559/0001-75",
54287,CINESTAR CINEMA LTDA,"50.611.073/0001-98",
19336,ROCELI PEREIRA FORTES,"09.629.462/0001-47",
22729,REDECINE VALINHOS CINEMATOGRÁFICA LTDA,"15.774.293/0001-31",
33180,CINE GARDEN 7 EXIBIÇÃO CINEMATOGRÁFICA EIRELE - ME,"24.767.453/0001-06",
37228,CINECOM ENTRETENIMENTO LTDA,"28.153.563/0001-39",
15269,LUIZ GONZAGA MARTINS SAMPAIO CINEMA - ME,"09.522.885/0001-63",
2368,EMPRESA SUPERCAP DE CINEMAS LTDA,"43.022.920/0001-13",
5318,MARIN & ARMANI LTDA,"01.862.774/0001-94",
19448,J.R.A CASSIO-ME,"05.869.495/0001-03",
52411,CINE VEREDAS BOULEVARD LTDA,"46.901.111/0001-70",
14336,ASSOCIAÇÃO CULTURAL TELA BRASILIS,"08.605.319/0001-52",
4779,S. ALMANÇA JUSTO ME,"05.156.705/0001-16",
2739,STAR MULTICINEMAS LTDA,"73.861.551/0001-13",
54477,"41.039.013 CLAUDINEI DA SILVA BEZERRA","41.039.013/0001-51",
49175,CENTRO DE CULTURA BELAS ARTES CINEMAS,"42.130.905/0001-26",
16677,JANAÍNA GUEDES COQUEIRO SAITO CINEMA-ME,"10.823.377/0001-02",
39535,ASSOCIAÇÃO CULTURAL CENA ONZE,"09.457.341/0001-65",
15402,STAR FILMES LTDA,"02.120.847/0001-35",
51341,MOVIEPLEX ENTRETENIMENTO LTDA,"46.258.614/0001-79",
4404,EMPRESA CINEMATOGRÁFICA CAMPO GRANDE,"51.460.582/0001-20",
19166,SAN GERMAN CULTURA E EDUCAÇÃO LTDA ME,"13.726.889/0001-30",
19869,M.P.BALDINI & CIA LTDA,"05.455.351/0001-00",
5634,ILHA AUTO CINE COMÉRCIO E DIVERSÃO LTDA.,"42.425.462/0001-09",
1876,VITORIA CINEMATOGRAFICA LTDA.,"76.646.942/0001-03",
13286,E.D.S EXIBIÇÕES CINEMATOGRÁFICAS EIRELI,"09.207.650/0001-87",
36106,MOVIEPLEX ENTRETENIMENTO LTDA -ME,"26.756.579/0001-00",
58497,MOVIEPLEX TIMON LTDA,"55.410.924/0001-58",
6097,UNIVERSIDADE FEDERAL DO RIO DE JANEIRO,"33.663.683/0001-16",
5944,ESPAÇO CULTURAL CINE ATLETICO LTDA,"06.981.108/0001-99",
16288,ANTONIO AUGUSTO ROSSI VIEIRA ME,"06.336.862/0001-76",
4847,BONIFRATE ENTRETENIMENTOS E LAZER LTDA ME,"04.996.316/0001-36",
50303,NEO ENTRETENIMENTOS EMPRESARIAIS LTDA,"44.006.058/0001-18",
4919,MANOEL N MACIEL PEREIRA ME,"93.706.448/0001-06",
13059,CINE SHOPPING ROMA LTDA EPP,"06.106.056/0001-01",
43519,ALIANÇA PARTICIPACÕES E EMPREENDIMENTOS LTDA,"15.210.046/0001-02",
24095,J.D. SERVIÇOS ENTRETENIMENTO LTDA,"17.303.406/0001-46",
44744,JACKSON BATISTA DO SANTOS,"32.563.239/0001-66",
26310,ESTAÇÃO CINE CAFÉ & EVENTOS CULTURAIS LTDA - ME,"02.292.701/0001-77",
6422,CINEMA VIDEO SHOW LTDA.,"53.610.135/0001-35",
16615,GUSGLAU CINE TEATRO GLÓRIA LTDA,"10.536.186/0001-51",
33992,CINEMAX EIRELI - ME,"25.189.020/0001-83",
19673,EMPRESA CINEMATOGRÁFICA IVAIPORÃ LTDA - ME,"07.001.475/0001-41",
45292,ALEGRIA EXIBIDORA CINEMATOGRAFICA - EIRELI,"35.739.380/0001-65",
28606,INSTITUTO ROLAND HENZE,"20.893.883/0001-13",
42658,CINE ESTAÇÃO OPERADORA DE CINEMA LTDA,"32.998.727/0001-04",
51080,WEST CINE LTDA,"44.246.458/0001-09",
61486,CINE CARVALHO E LEMOS LTDA,"57.986.616/0001-09",
50670,ALVARO DA SILVA CRUZ,"21.227.761/0001-50",
31519,ASSOCIAÇAO CULTURAL SAO JOSÉ,"07.659.959/0001-82",
17304,CINECLUBE GUADALA,"10.807.531/0001-44",
57643,KOMPANHIA TEATRO MULTIMÍDIA DE SÃO PAULO,"60.740.149/0001-39",
15338,QUARTZO ADMINISTRACAO COMPRA E VENDAS DE IMOVEIS LTDA,"68.644.350/0001-24",
34949,CINEMAX CINEMA PATO BRANCO LTDA,"26.273.529/0001-72",
58314,PORTO SEGURO SHOPPING LTDA,"08.643.522/0001-13",
1951,GRUPO INTERNACIONAL CINEMATOGRÁFICO LTDA.,"62.568.027/0001-32",
16852,SAMUEL ALVES DE MOURA,"64.643.596/0001-20",
19388,CINE JOÃO PAULO LTDA,"08.821.767/0001-93",
12482,CINEMATOGRÁFICA 28 DE MARÇO LTDA (BAIXADA).,"07.970.245/0001-90",
5337,ASSOCIAÇÃO DE AMIGOS DO CENTRO CULTURAL BANCO DO BRASIL - SÃO PAULO,"04.652.794/0001-29",
2354,EMPRESA LITORANEA DE CINEMA LTDA (BAIXADA),"05.264.362/0001-03",
14039,FUNDAÇÃO DE CULTURA E LAZER DE QUISSAMÃ - BAIXADO,"09.282.098/0001-91",
19238,SHOPPING CENTER COSTA DOURADA S/A,"03.326.640/0001-84",
49222,FUNDAÇÃO CULTURAL SENHOR BOM JESUS DOS REMEDIOS,"03.101.832/0001-92",
2954,CINE MONTE ALTO LTDA - ME,"04.126.525/0001-29",
12680,MANAUS SERVIÇOS DE CINEMA LTDA,"08.457.903/0001-08",
22896,PATIO DE CINEMAS LTDA - ME,"11.413.383/0001-46",
2036,GENERAL CINEMA DO BRASIL LTDA,"02.490.440/0001-08",
30682,JONATHAN ERIK CRISPIM CINEMA ME,"22.987.980/0001-09",
5779,PROJECT MOVIES PUBLICIDADES LTDA.,"02.355.423/0001-50",
4887,REDECINE - LEO CINEMATOGRÁFICA LTDA,"07.067.087/0001-63",
6023,EXIBIDORA DE FILMES TRINDADE LTDA-ME,"07.049.923/0001-87",
23266,LILIANE ROCHA DE MEDEIROS GUEDES-ME,"16.844.526/0001-98",
38710,MAX CINE EIRELI - (BAIXADO),"29.357.690/0001-12",
22169,AE PRODUCOES CULTURAIS LTDA EPP,"12.355.705/0001-00",
45898,DRIVE-GYN ENTRETENIMENTO LTDA,"37.109.882/0001-38",
46135,PARKFOR ESTACIONAMENTOS SOLUÇÕES E SERVIÇOS EIRELI,"10.213.334/0001-05",
2810,MOVIEPLEX CINEMAS DO RECIFE LTDA,"05.688.477/0001-25",
40961,CIRCUITO BOMBONIERE LTDA,"13.459.269/0001-82",
2496,DISTRIBUIDORA DE FILMES WERMAR LTDA.,"82.790.072/0001-44",
5625,"FF - CINEMA, BAR E LANCHONETE LTDA.","05.467.284/0001-44",
5633,FUNDAÇÃO JOAQUIM NABUCO,"09.773.169/0001-59",
6004,CINE 3 RIOS LTDA,"05.661.102/0001-71",
2947,LUMIERE EMPRESA CINEMATOGRÁFICA EIRELI ME,"37.839.818/0001-02",
6381,CINEMATOGRÁFICA SÃO PAULO LTDA - EPP,"61.534.814/0001-09",
23877,DAC PARTICIPAÇÕES LTDA,"00.852.265/0001-18",
15125,MACHADO & SILVA SÃO MANUEL LTDA - ME - BAIXADO,"04.967.385/0001-11",
18802,FUNDAÇÃO CULTURAL DE PALMAS - FCP,"11.794.886/0001-09",
36426,HELISUL TAXI AEREO LTDA,"75.543.611/0001-85",
49295,CINELAND EXIBICAO CINEMATOGRAFICA LTDA,"42.593.811/0001-93",
37195,LUME EMPRESA CINEMATOGRÁFICA EIRELI-ME,"16.728.477/0001-28",
12522,EMPRESA CINEMATOGRÁFICA CENTRAL SANTOS LTDA.,"00.501.872/0001-33",
13924,FUNDAÇÃO CLÓVIS SALGADO,"17.498.205/0001-41",
19535,CINE ART LTDA ME,"07.083.456/0001-01",
21489,PRIME CINEMA LTDA,"12.911.163/0001-05",
19500,IBITURUNA CINEMAS LTDA,"10.376.409/0001-60",
12034,BRANCO GERENCIADORA DE SHOPPING CENTER LTDA-EPP,"01.897.709/0001-02",
5263,CINEMAS LIBERDADE S/A,"06.009.390/0001-47",
25207,CINECLUBE MARIA SENA,"12.452.656/0001-24",
5341,G7 INVESTIMENTOS E PARTICIPAÇÕOES LTDA,"07.139.247/0001-32",
1240,CINEMAS PARIS ORIENT LTDA,"86.985.587/0001-50",
2645,CINE TEATRO BARBACENA LTDA,"04.193.323/0001-08",
5887,CINEMATOGRÁFICA UNIÃO LTDA - ME,"17.281.387/0001-02",
2371,SANTOS CINEMATOGRAFIA LTDA,"59.042.937/0001-72",
27041,R. F. R. GOMES CINEMATOGRAFICA,"31.703.432/0001-92",
32489,LANCHES ALAMEDA QUALITY CENTER LTDA,"23.229.844/0001-04",
50927,C.VALE PROGRAMA DE FIDELIZACAO LTDA,"37.626.125/0001-31",
15385,RIO EXIBIDORES DE MULTICINEMAS LTDA,"10.506.162/0001-50",
6387,CINEMATOGRÁFICA FLÓRIDA LTDA-EPP (BAIXADA),"68.248.145/0001-40",
17215,IRANY BASTON - ME,"07.060.142/0001-93",
38163,CINE COMERCIAL PASSO FUNDO LTDA,"27.380.966/0001-58",
15661,"UNFINISHED BUSINESS PRODUÇÕES ARTÍSTICAS, CINEMATOGRÁFICAS E AUDIOVISUAIS LTDA.","07.953.592/0001-05",
23222,N P DE ANDRADE CRUZ - ME,"16.563.996/0001-83",
59184,QUELIPE ENTRETENIMENTOS LTDA,"56.080.618/0001-63",
2734,ESPAÇO DE CINEMA DRAGÃO DO MAR LTDA,"02.928.595/0001-75",
32611,GMF PRODUÇÕES ARTISTICAS LTDA,"16.683.200/0001-26",
50206,CINE COCAIS LTDA,"44.608.911/0001-71",
51162,CINE MAX BRASIL LTDA,"46.037.375/0001-27",
13592,CINECLUBE FLORESTA,"08.920.398/0001-96",
3164,AGA - CINEMATOGRÁFICA LTDA,"02.427.115/0001-92",
19651,CINE ARIS DE POMPEIA LTDA EPP,"04.928.470/0001-70",
46102,M3 MOVIES CINEMAS E PROGRAMAÇÃO DE FILMES LTDA,"11.064.952/0001-95",
5465,STARK'S CINEMA E LANCHONETE LTDA.,"32.917.296/0001-04",
16518,EMPRESA CINEMATOGRÁFICA PARANAÍBA LTDA.,"05.863.133/0001-05",
48168,ARENA CINEMATOGRAFIA LTDA,"40.212.580/0001-03",
5552,COMPANHIA DE CINEMAS POPULARES,"07.636.064/0001-22",
5923,LOMBARDI E RESENDE CINEMAS LTDA ME,"24.727.208/0001-75",
2740,CINEMATOGRÁFICA IGUAÇU LTDA,"30.831.184/0001-00",
48582,MUNICÍPIO DE SUZANO,"46.523.056/0001-21",
22412,PARPINELLI & VILAS BOAS EVENTOS LTDA,"13.848.267/0001-85",
12684,CINEMAIS CUIABÁ SERVIÇOS DE CINEMA LTDA,"08.032.819/0001-42",
39037,J.A. LERYA PRODUCOES,"17.810.156/0001-30",
42412,CINEMAS H. R. BRUMADO LTDA,"32.872.857/0001-98",
27243,EMMANUEL PINHEIRO DE QUADROS - ME,"10.833.253/0001-08",
15986,UNIVERSIDADE FEDERAL DE OURO PRETO,"23.070.659/0001-10",
16317,MARIA O. LIMA BENICIO - ME (BAIXADA),"02.472.483/0001-52",
44674,FUNDAÇÃO CULTURAL CASIMIRO DE ABREU,"03.999.531/0001-28",
2544,SHL PARTICIPAÇÕES LTDA,"40.334.666/0001-09",
17594,CINE MARAJA LTDA,"23.453.566/0001-74",
4971,MUNICIPIO DE AMPARO,"43.465.459/0001-73",
19978,CINE IMPERARIZ CINEMATOGRAFIA LTDA,"13.068.643/0001-19",
1132,SPECTATEUR-COMÉRCIO E GERENCIAMENTO LTDA (BAIXADA),"01.216.636/0001-38",
12224,MUNICIPIO DE CASTELO,"27.165.638/0001-39",
4772,EMPRESA CINEMATOGRÁFICA DOURADOS LTDA,"00.671.991/0001-34",
2298,EBCINE S/A - EMPRESA BRASILEIRA DE CINEMAS,"06.022.961/0001-83",
4951,THEJOP CINEMAS LTDA,"05.220.093/0001-83",
16226,CINE MENDES EXIBIDORA LTDA,"10.717.497/0001-17",
4840,SERVIÇO SOCIAL DO COMÉRCIO-SESC-AR.CE,"03.612.122/0001-27",
4271,TV OESTE DO PARANA LTDA,"03.699.194/0001-53",
25321,ON PRODUÇÕES FILMES E EVENTOS LTDA - ME,"18.570.035/0001-21",
14432,VWS COMUNICAÇOES AUDIOVISUAIS LTDA,"10.245.530/0001-53",
16185,MILLENNIUM SHOPPING EMPREENDIMENTOS LTDA,"11.180.162/0001-75",
17293,FERNANDA SOLER PADILHA ME,"08.453.874/0001-06",
19649,LUCIANE DE ALMEIDA ARRUDA CAMPOS CINEMA ME,"06.322.862/0001-17",
16031,CINEMA DA FRONTEIRA LTDA. (BAIXADO),"10.495.376/0001-78",
6000,CINEMÁ EVENTOS CULTURAIS LTDA,"03.719.091/0001-08",
21937,ESTAÇÃO CINE CAFÉ LTDA,"10.958.795/0001-07",
11990,FREDERICO DA CRUZ MACHADO - ME,"03.553.092/0001-25",
13459,ESPLENDOR FILMS LTDA.,"33.610.049/0001-15",
12662,EMPRESA REQUINTE DE CINEMAS LTDA,"05.053.389/0001-57",
37886,C TEATRAL DE IDÉIAS LTDA,"09.104.162/0001-44",
4780,EMPRESA CINE MISSIONEIRA LTDA,"96.208.087/0001-66",
40766,CINEMATOGRAFICA ROSSETE LTDA,"30.700.010/0001-09",
19432,CINE ORIENTE LTDA-ME,"06.128.660/0001-39",
46063,ATUANTE SERVICOS E ESTACIONAMENTO LTDA - ME,"00.178.856/0001-51",
45451,WELLINGTON CARDOSO DA LUZ CINEMAS LTDA,"36.563.373/0001-18",
16071,CINE COMERCIAL PRODUÇÕES CULTURAIS LTDA,"05.902.099/0001-30",
14877,GALVAO OLIVEIRA LTDA,"08.240.090/0001-08",
35625,MUNICIPIO DE CAXIAS DO SUL,"88.830.609/0001-39",
32859,FUNDAÇÃO ESPAÇO CULTURAL DA PARAÍBA FUNESC,"08.338.873/0001-10",
15373,CINEMATOGRAFICA CASELLA & CASELLA LTDA ME,"04.961.275/0001-42",
19456,CINEMAS SANTOS RIBEIRO LTDA ME,"08.708.519/0001-30",
25741,CINE GALLERIA EMPRESA DE EXIBIÇÃO CINEMATOGRAFICA LTDA - ME,"17.411.100/0001-03",
22221,CASAL CINE ARTE LTDA,"15.232.421/0001-15",
12259,ALMANÇA JUSTO ENTRETENIMENTO LTDA - ME,"08.035.801/0001-02",
49590,ALQUIMIA CULTURAL EMPREENDIMENTOS LTDA,"33.846.400/0001-71",
4745,PONTO DAS ARTES DE ANCHIETA LTDA.,"00.793.584/0001-08",
15615,MUNICÍPIO DE CAMPO BOM,"90.832.619/0001-55",
3624,PAULISTA ENTRETENIMENTOS LTDA,"48.192.652/0001-00",
2948,F.F. DE OLIVEIRA-EPP,"06.289.872/0001-06",
12439,CINEMAS BELAS ARTES LTDA - EPP,"08.599.959/0001-05",
2736,EMPRESA DE CINEMAS MOREIRA LTDA,"83.658.674/0001-05",
47551,COSTA E VIEIRA EMPREENDIMENTOS LTDA,"10.866.528/0001-00",
30624,CINEMATOGRAFIA MAI LTDA,"02.067.801/0001-08",
5945,EMPRESA DE CINEMAS APRAN LTDA,"46.361.960/0001-88",
2139,MOVIEPLEX CINEMAS DO NORDESTE LTDA,"01.819.938/0001-09",
2369,EMPRESA CINEMATOGRAFICA FORMOSA LTDA,"00.903.700/0001-96",
2644,LUCAS ALMANÇA JUSTO ME,"05.840.922/0001-20",
56796,BENEDITO CELSO PINHEIRO DE QUADROS LTDA,"47.321.487/0001-78",
12146,FUNDAÇÃO CULTURAL DO MUNICÍPIO DE BELÉM,"34.847.335/0001-61",
2827,ALVORADA CINEMATOGRAFICA INTERNACIONAL LTDA,"23.274.087/0001-90",
5383,CINEMATOGRÁFICA RITZ LTDA (BAIXADA).,"05.958.159/0001-37",
31864,ASSOCIAÇÃO CULTURAL CINECLUBE ARAUCÁRIA,"13.832.553/0001-52",
1095,ARCOS DIGITAL FILMES LTDA,"00.629.628/0001-50",
52646,SERVICO SOCIAL DO COMERCIO - SESC/AP/PA,"03.593.364/0001-10",
15702,OPUS DESIGN PROGRAMAÇÃO VISUAL LTDA ME,"01.190.399/0001-83",
2742,FUNDACAO UNIVERSIDADE DE CAXIAS DO SUL,"88.648.761/0001-03",
44521,ASSOCIACAO DAS LOJAS E LOJISTAS DO SHOPPING PAINEIRAS CENTER,"13.722.773/0001-23",
17832,CINE TEATRO PEPERI LTDA,"10.691.270/0001-40",
35928,CONDOMINIO PORTO REAL RESORT,"06.039.635/0001-89",
27205,ADRIANA MOSER ME,"02.542.332/0001-23",
1948,CENTRAL CINEMATOGRÁFICA LTDA.,"47.525.522/0001-70",
15690,CINEMAS BENFICA LTDA,"07.509.597/0001-43",
16209,SBPO ENTRETENIMENTOS LTDA,"04.096.720/0001-53",
2484,EMPRESA LAGEANA DE CINEMA E TEATRO LTDA.,"84.934.231/0001-62",
4820,FAU- FUNDAÇÃO DE APOIO AO DESENVOLVIMENTO DA UNIVERSIDADE ESTADUAL DO CENTRO-OESTE,"03.757.610/0001-22",
57150,CULT CINEMAS SANTIAGO,"53.288.266/0001-48",
27142,FUNDACAO CULTURAL DO ESTADO DO PARA,"14.662.886/0001-43",
6072,FUNDAÇÃO CASA DE RUI BARBOSA,"42.519.488/0001-08",
5386,CIRCUITO PLAYARTE ESPAÇO DE CINEMAS LTDA (BAIXADO),"00.472.222/0001-07",
60086,CINE CARVALHO E LEMOS LTDA,"57.362.290/0001-30",
4771,CINECLUBE CAMPINAS,"54.665.187/0001-71",
31247,CLAUDIO RODRIGUES CINEMA EPP,"15.567.097/0001-96",
5972,CINEMATOGRAFIA OLIVEIRA LTDA-ME,"05.415.895/0001-49",
50202,FUNDAÇÃO DE CULTURA CIDADE DO RECIFE,"11.508.942/0001-00",
12999,SÃO PAULO SECRETARIA MUNICIPAL DE CULTURA,"49.269.244/0001-63",
17774,AGÊNCIA NACIONAL DO CINEMA,"04.884.574/0001-20",
5938,"EMPREENDIMENTOS, ENTRETENIMENTO E SERVIÇOS LAPINHA LTDA","20.769.576/0001-25",
25724,L.C.MAURENTE & CIA LTDA - ME,"14.354.015/0001-62",
2519,CEBRAL COMÉRCIO E EXIBIÇÕES BRASÍLIA LTDA,"26.489.112/0001-41",
18872,CINE TEATRO SHOPPING SÃO PEDRO LTDA-ME,"04.180.876/0001-18",
5822,GUAXUPE PROMOCOES E EVENTOS LTDA,"03.929.354/0001-03",
11941,ARLEI JOSE ASSI,"08.214.745/0001-65",
3294,SERVIÇO SOCIAL DO COMÉRCIO - ADMINISTRAÇÃO REGIONAL NO ESTADO DE MINAS GERAIS,"03.643.856/0001-73",
33065,LEMOS & SILVA LTDA - ME,"15.659.276/0001-53",
17853,NOEL LAZARO TAUFIC - CINEMA - ME,"12.163.966/0001-29",
14831,ADAMARK CINEMAS S/A - BAIXADO,"10.214.969/0001-19",
19954,"02 P D & ARAUJO EMPRESA CINEMATOGRAFICA LTDA","10.615.866/0001-60",
5950,CINEMATOGRÁFICA TADIOTTI LTDA - ME,"07.892.500/0001-24",
16629,PLANET CINEMAS MACAÉ LTDA,"10.464.926/0001-91",
2849,ITAIGARA PLEXCINE LTDA.,"06.107.805/0001-15",
18125,DFA CINEMATOGRAFICA LTDA,"11.201.012/0001-09",
14882,WEST SIDE SHOPPING CENTER LTDA,"68.761.170/0001-22",
15979,VLK PARTICIPAÇÕES LTDA,"04.549.034/0001-90",
14822,SINDICATO DOS BANCÁRIOS DE PORTO ALEGRE,"92.831.650/0001-05",
4952,CINEMATOGRÁFICA PRINSUL LTDA - ME (BAIXADA),"03.928.901/0001-36",
49549,PGFLEXX LTDA,"37.172.745/0001-48",
26894,MILSON MACHADO LÓPEZ ME,"97.041.602/0001-29",
25608,MIGUEL ARCANJO CORRÊA CINEMA - ME,"15.716.105/0001-19",
2239,EMPRESA CINEMATOGRÁFICA HAWAY LTDA,"61.365.581/0001-50",
5091,UNIVERSIDADE FEDERAL FLUMINENSE,"28.523.215/0001-06",
54088,CENTRO POPULAR DE CULTURA 8 DE MARÇO,"01.264.889/0001-87",
860,INSTITUTO MOREIRA SALLES,"58.397.563/0001-45",
16817,SMART CONSULTORIA LTDA,"08.709.028/0001-04",
14393,JORGE F. DA SILVA-ME,"07.440.931/0001-50",
60606,JOAQUIM QUADROS LEITE LTDA,"52.187.621/0001-20",
20867,ANDRADE E PANZENHAGEN LTDA,"11.304.189/0001-22",
24325,ASSOCIAÇÃO PIAZITO ARTE E CULTURA,"17.472.926/0001-82",
15021,UNIVERSIDADE FEDERAL DE GOIÁS,"01.567.601/0001-43",
945,FIGUEIREDO CINEMATOGRAFICA LTDA - ME,"03.647.217/0001-86",
6481,J. J. DOS SANTOS,"07.877.173/0001-31",
14700,PREFEITURA MUNICIPAL DE JAPERI,"39.485.396/0001-40",
19369,L.S. CINEMATOGRÁFICA LTDA,"11.244.458/0001-02",
12476,CINEMATOGRÁFICA JARDINS LTDA ME,"08.101.204/0001-20",
19458,ASSOCIAÇÃO COMUNITÁRIA MADRIGAL,"08.993.482/0001-30",
15968,CONCÓRDIA PROJEÇÕES LTDA (BAIXADO),"10.885.605/0001-60",
18499,VILACINE SERVIÇOS CINEMATOGRÁFICOS S.A.,"11.276.047/0001-07",
5447,CINE A PARAÍSO LTDA -ME,"05.778.983/0001-05",
28263,JOÃO PEDRO DE ARAUJO ISQUIERDO & CIA LTDA,"20.843.277/0001-93",
6462,TEATRARIA EMPREENDIMENTOS ARTÍSTICOS E CULTURAIS LTDA - ME,"64.057.219/0001-00",
13998,ASSOCIAÇÃO DE DIFUSÃO CULTURAL DE ATIBAIA,"54.676.184/0001-33",
21052,"TITÂNIA - EDUCAÇÃO, ARTE, CULTURA E MEIO AMBIENTE","07.282.018/0001-72",
5591,MARIA CÉLIA CAMINHA DE OLIVEIRA VAUSE,"07.177.001/0001-55",
105,DISTRIBUIDORA DE FILMES S/A RIOFILME,"68.610.302/0001-15",
29860,R.P. MARTINS,"12.454.986/0001-59",
4375,GM ARAUJO CINEMATOGRAFICA LTDA,"45.515.558/0001-48",
16315,PREMIERE EMPRESA CINEMATOGRÁFICA E SERVIÇOS LTDA-ME,"08.607.997/0001-54",
1965,CINEMATOGRAFICA SÃO JOÃO LTDA.,"92.894.054/0001-66",
3063,NOVATELA CINEMATOGRÁFICA LTDA - BAIXADA,"94.956.703/0001-31",
46902,AVBR PRODUÇÕES LTDA,"17.184.507/0001-45",
3066,MOVIE SHOPPING CINEMAS LTDA,"00.070.217/0001-78",
6055,EXIBIDORA VENEZA LTDA,"03.559.850/0001-12",
28859,ASSOCIACAO CORA CORALINA CENTRO JABOTICABALENSE DE ATIVIDADES CULTURAIS E ARTISTICAS,"72.919.178/0001-41",
6098,CINEMAS KF & F LTDA,"05.661.130/0001-99",
4410,UNIVERSIDADE VIRTUAL DO ESTADO DO MARANHÃO,"05.849.024/0001-33",
2269,SEVERINO JOAQUIM DOS SANTOS - ME,"05.097.392/0001-72",
38182,LJT CULTURA E ENTRETENIMENTO LTDA - ME,"27.138.271/0001-64",
16984,INOVAÇÃO CINEMAS S/A,"11.037.344/0001-91",
15619,DEISE LUCID FERNANDES DE ALMEIDA PONCIANO ME,"04.556.491/0001-02",
17513,A.A.S. AZADINHO CAMPOS - ME (BAIXADA),"09.105.466/0001-26",
16643,FUNDAÇÃO DO PATRIMÔNIO HISTÓRICO E ARTÍSTICO DE PERNAMBUCO,"08.032.567/0001-51",
3083,EMPRESA CINEMATOGRÁFICA D'GUION LIMITADA,"00.324.560/0001-00",
19818,ALAPEM CINEMATOFRÁFICA LTDA-ME,"14.146.183/0001-62",
2946,EXIBIDORA CINEMATOGRÁFICA CRUZ LTDA,"42.596.486/0001-12",
19918,ALISSON MANOEL ARENA MAIA & CIA LTDA-ME,"09.105.455/0001-46",
6073,"SOL DA TERRA MUSICA, ARTE E CULTURA LTDA - BAIXADO","04.915.829/0001-75",
39865,D.DO NACIMENTO SILVA CINEMA,"29.908.959/0001-01",
39002,CINE MULTI LTDA,"29.666.608/0001-31",
14765,LEONARDO PEREIRA RAMPINELLI ME,"02.323.283/0001-38",
27080,CPM CINEMAS LTDA (BAIXADO),"19.312.739/0001-67",
46234,GRUPO CLEYDE YÁCONIS,"71.271.811/0001-75",
23124,CINE A SÃO LOURENÇO LTDA,"17.312.013/0001-07",
2653,EMPRESA DE CINEMAS MAJESTIC EIRELI-ME.,"00.550.489/0001-75",
2377,NÚCLEO DE PRESTAÇÃO DE SERVIÇOS ADMINISTRATIVOS LTDA. - ME,"00.833.003/0001-06",
19980,FUNDAÇÃO CULTURAL DE IBIPORÃ,"80.506.306/0001-53",
5294,SOBRAL EVENTOS E ENTRETENIMENTO LTDA,"07.159.860/0001-11",
47962,CINE GUARANTA LTDA,"40.831.022/0001-18",
12702,MUNICIPIO DE CASA BRANCA,"45.735.479/0001-42",
4051,CINEMATOGRÁFICA MEYER LTDA - ME,"03.177.051/0001-81",
2454,ALVORADA CINEMAS LTDA,"01.062.574/0001-57",
2001,SR BRASIL CINEMAS S/A (BAIXADA),"05.937.128/0001-08",
28047,EMELI PARTICIPAÇÕES EIRELI,"19.409.378/0001-71",
49985,IPREMIUM - INSTITUTO PREMIUM LTDA,"41.245.834/0001-44",
26436,CINECLUBE ÁGORA,"18.948.697/0001-92",
22207,HADDAD E FILHO-EMPREENDIMENTOS CINEMATOGRÁFICOS E ARTÍSTICOS LTDA-ME,"15.705.606/0001-08",
4594,"MF STAGE - CONSULTORIA, ASSESSORIA ADMINISTRATIVA, MARKETING & PUBLICIDADE LTDA","01.821.929/0001-44",
14524,CABÍRIA BAR E RESTAURANTE LTDA,"10.332.265/0001-40",
54359,NUCLEO CINEMAS LTDA,"50.201.476/0001-69",
28095,SESC ADMINISTRAÇÃO REGIONAL NO ESTADO DO MATO GROSSO DO SUL,"03.560.440/0001-91",
34333,WILDE MARIA PEREIRA DOS SANTOS QUADROS - ME,"26.102.065/0001-31",
31894,CINE SANTA CRUZ LTDA - ME,"23.865.184/0001-58",
14541,UNIVERSAL CINEMA & DIVERSÕES LTDA,"08.706.532/0001-50",
49028,MINAS TÊNIS CLUBE,"17.217.951/0001-10",
31902,TSC CINEMA RORAIMA LTDA,"21.586.802/0001-03",
23064,CINE SHOPPING SANTA ISABEL LTDA - ME,"07.966.669/0001-81",
16052,SANDRA APARECIDA RODRIGUES - CINEMA,"05.014.762/0001-60",
6615,EMPRESA CINEMATOGRÁFICA ESTAÇÃO LTDA,"01.272.408/0001-85",
61144,LCA CINE DIVERSÕES LTDA,"59.107.520/0001-40",
38833,FUNDAÇÃO DE APOIO AO DESENVOLVIMENTO DA UFPE,"11.735.586/0001-59",
19654,NOBORU FUKUMOTO SS LTDA,"47.772.967/0001-55",
15998,MAR CINEMAS E BOMBONIERES LTDA,"08.768.271/0001-01",
43988,CINE TEATRO MARIA AUXILIADORA LTDA,"34.469.992/0001-12",
6388,CARVALHO & BITTENCOURT LTDA,"02.675.738/0001-84",
33274,COMPLEXO ITAIM PAULISTA DE CINEMAS EIRELI-ME,"24.189.686/0001-79",
3099,EMPRESA CINE SÃO LUIZ LTDA,"17.066.754/0001-47",
40375,MUNICÍPIO DE CACHOEIRA,"13.828.397/0001-56",
14637,MAURICIO JOSE NICOLINO & CIA LTDA,"05.724.035/0001-97",
35124,CINEMINAS EXIBIDORA LTDA ME,"19.454.092/0001-08",
27303,MULTIMOVIE CINEMATOGRAFICA LTDA.,"04.007.716/0001-71",
50294,REDE CINEMATOGRÁFICA DE CINEMAS PREMIUM LTDA,"43.677.609/0001-02",
30571,CLÁUDIA ADRIANE ARAÚJO COSTA,"20.664.203/0001-90",
2558,SUL PROJEÇÃO CINEMATOGRÁFICA LTDA,"73.708.331/0001-54",
6075,SECRETARIA DE ESTADO DA CULTURA,"05.508.362/0001-01",
40730,RG PALMA EXIBICAO CINEMATOGRAFICA LTDA,"31.159.134/0001-83",
18055,CINEMA VILLAGGIO LTDA,"07.938.916/0001-36",
5642,EMPRESA CINEMATOGRÁFICA ITAPETININGA LTDA,"05.762.295/0001-57",
15217,GOIANIA PREFEITURA MUNICIPAL,"01.612.092/0001-23",
2460,EMPRESA DE CINEMAS ARCO-ÍRIS LTDA,"84.940.188/0001-48",
15294,TEATRO DOM BOSCO,"04.783.917/0001-60",
2735,CINEARTE MORUMBI LTDA,"05.774.116/0001-00",
37108,MUNICIPIO DE SANTOS,"58.200.015/0001-83",
4346,FUNDAÇÃO CULTURAL DE JOINVILLE,"83.796.227/0001-12",
35977,MARANGUAPE CINEMAS LTDA - ME,"26.791.315/0001-98",
