"cpb_roe","titulo_original","titulo_brasil","pais_obra"
E2100263000000,PAW PATROL: THE MOVIE,PATRULHA CANINA - O FILME,ESTADOS UNIDOS
E2400083800000,LA CONTADORA DE PELICULAS,A CONTADORA DE FILMES,CHILE
E2400385100000,ANDREA BOCELLI 30: THE CELEBRATION,ANDREA BOCELLI 30: A CELEBRAÇÃO,REINO UNIDO
E2400256900000,ZHONG QUAN BA GONG,HACHIKO: PARA SEMPRE,CHINA
E2400467600000,MEETING WITH POL POT,ENCONTRO COM O DITADOR,CAMBOJA
E2300554400000,MOTHER´S INSTINCT,INSTINTO MATERNO,ESTADOS UNIDOS
E2300336800000,ARISTOTLE AND DANTE DISCOVER THE SECRET OF THE UNIVERSE,OS SEGREDOS DO UNIVERSO,ESTADOS UNIDOS
E2400057000000,YOUSSEF SALEM A DU SUCCÈS,O LIVRO DA DISCÓRDIA,FRANÇA
E2400023000000,AMELIA´S CHILDREN,A SEMENTE DO MAL,PORTUGAL
E2400283600000,SMILE 2,SORRIA 2,ESTADOS UNIDOS
E2400288700000,INTERDIT AUX CHIENS ET AUX ITALIENS,PROIBIDO A CÃES E ITALIANOS,BÉLGICA
E2400261200000,HERETIC,HEREGE,ESTADOS UNIDOS
E2300309100000,LE OTTO MONTAGNE,AS 8 MONTANHAS,ITÁLIA
E2300549500000,TODOS LOS NOMBRES DE DIOS,O REFÉM - ATENTADO EM MADRI,ESPANHA
B2300468900000,ATÉ QUE A MÚSICA PARE,,ITÁLIA
E2400232300000,BLINK TWICE,PISQUE DUAS VEZES,ESTADOS UNIDOS
E2400003100000,TOUT LE MONDE AIME JEANNE,TODO MUNDO AMA JEANNE,FRANÇA
E2400442700000,DYING,DYING – A ÚLTIMA SINFONIA,ALEMANHA
E1500530400000,HANNAH MONTANA - THE MOVIE,HANNAH MONTANA - O FILME,ESTADOS UNIDOS
E2400093800000,DRAGONKEEPER,A MENINA E O DRAGÃO,CHINA
E2400017100000,TO KALOKAIRI TIS KARMEN,NOSSO VERÃO DARIA UM FILME,GRÉCIA
E2400245700000,AKU WA SONZAI SHINAI,O MAL NÃO EXISTE,JAPÃO
E2400058200000,IMMACULATE,IMACULADA,ESTADOS UNIDOS
E2300562100000,PEPPA'S CINEMA PARTY,PEPPA PIG: FESTA NO CINEMA,REINO UNIDO
E2400084300000,"ORLANDO, MA BIOGRAPHIE POLITIQUE","ORLANDO, MINHA BIOGRAFIA POLÍTICA",FRANÇA
B2400045400000,ESTÔMAGO 2 - O PODEROSO CHEF,,ITÁLIA
E2400055900000,KNOX GOES AWAY,PACTO DE REDENÇÃO,ESTADOS UNIDOS
E2400164300000,LONGLEGS,VÍNCULO MORTAL,ESTADOS UNIDOS
E2400031600000,THE GOOD MOTHER,POR TRÁS DA VERDADE,ESTADOS UNIDOS
E2300566600000,CONCRETE UTOPIA,SOBREVIVENTES - DEPOIS DO TERREMOTO,CORÉIA DO SUL
E2400198200000,CROSSING,CAMINHOS CRUZADOS,DINAMARCA
E2300268700000,BLACKBERRY,BLACKBERRY,CANADÁ
E2400121400000,FURIOSA: A MAD MAX SAGA,FURIOSA: UMA SAGA MAD MAX,ESTADOS UNIDOS
E2400055800000,GODZILLA X KONG: THE NEW EMPIRE,GODZILLA E KONG: O NOVO IMPÉRIO,ESTADOS UNIDOS
E2400142000000,THE CHOSEN,THE CHOSEN - OS ESCOLHIDOS - TEMPORADA 4 - PARTE 2,
E2300372700000,LA MAISON,A CASA DOS PRAZERES,FRANÇA
E2400202200000,RAPITO,O SEQUESTRO DO PAPA,ALEMANHA
E2300216700000,BLUE JEAN,BLUE JEAN,REINO UNIDO
E2300374300000,OLDBOY,OLDBOY,CORÉIA DO SUL
E1500193800000,HARRY POTTER AND THE GOBLET OF FIRE,HARRY POTTER E O CÁLICE DE FOGO,ESTADOS UNIDOS
E2300387200000,HERE,HERE,BÉLGICA
B2400212800000,PENAL CORDILLERA,,CHILE
E2400134100000,A QUIET PLACE: DAY ONE,UM LUGAR SILENCIOSO - DIA UM,ESTADOS UNIDOS
E2400002800000,BIS ANS ENDE DER NACHT,ATÉ O CAIR DA NOITE,ALEMANHA
E2300421600000,KAIBUTSU,MONSTER,JAPÃO
E2400054200000,RIEN À PERDRE,TUDO OU NADA,FRANÇA
E2300581500000,PERFECT DAYS,DIAS PERFEITOS,ALEMANHA
E2300040700000,EVIL DEAD RISE,A MORTE DO DEMÔNIO: A ASCENSÃO,ESTADOS UNIDOS
E2400020000000,"ERNEST ET CÉLESTINE, LE VOYAGE EN CHARABIE",A VIAGEM DE ERNESTO E CELESTINE,FRANÇA
B2400283000000,ARCA DE NOÉ,,ÍNDIA
E2300372400000,SOMEDAY WE'LL TELL EACH OTHER EVERYTHING,UM DIA NOSSOS SEGREDOS SERÃO REVELADOS,ALEMANHA
E2400314600000,RED ONE,OPERAÇÃO NATAL,ESTADOS UNIDOS
E2400199900000,TUESDAY,TUESDAY - O ÚLTIMO ABRAÇO,ESTADOS UNIDOS
E2400016700000,DEMON SLAYER: KIMETSU NO YAIBA – TO THE HASHIRA TRAINING,DEMON SLAYER: KIMETSU NO YAIBA – TO THE HASHIRA TRAINING,JAPÃO
E2400318400000,RAMONA,RAMONA,ESPANHA
E2300508800000,PRISCILLA,PRISCILLA,ESTADOS UNIDOS
E2400406500000,A DIFFERENT MAN,UM HOMEM DIFERENTE,ESTADOS UNIDOS
E2400458000000,QUEER,QUEER,ESTADOS UNIDOS
E2400091500000,HIT MAN,ASSASSINO POR ACASO,ESTADOS UNIDOS
E2300575500000,BEAUTIFUL WEDDING,BELO DESASTRE - O CASAMENTO,ESTADOS UNIDOS
E2300314800000,AN CAILÍN CIÚIN,A MENINA SILENCIOSA,IRLANDA
E2300249500000,ALMA VIVA,ALMA VIVA,FRANÇA
E2200225000000,CHRISTIANE F. - WIR KINDER VOM BAHNHOF ZOO,"EU, CHRISTIANE F., 13 ANOS, DROGADA E PROSTITUÍDA",ALEMANHA
E2300527300000,NO WAY UP,DESESPERO PROFUNDO,REINO UNIDO
E1600650800000,"2001 : A SPACE ODYSSEY","2001 : UMA ODISSÉIA NO ESPAÇO",REINO UNIDO
E2400213300000,BLUE LOCK: EPISODE NAGI,BLUE LOCK: O FILME - EPISÓDIO NAGI,JAPÃO
E2400434300000,THE DEW POINT,A HORA DO ORVALHO,ITÁLIA
E2400112100000,OSPINA CALI COLÔMBIA,OSPINA CALI COLÔMBIA,PORTUGAL
E2300479200000,GODZILLA MINUS ONE,GODZILLA MINUS ONE,JAPÃO
E2300491200000,RENAISSANCE: A FILM BY BEYONCÉ,RENAISSANCE: A FILM BY BEYONCÉ,ESTADOS UNIDOS
E2200431200000,AVATAR: THE WAY OF WATER,AVATAR: O CAMINHO DA ÁGUA,ESTADOS UNIDOS
E2000026400000,SCOOB!,SCOOBY - O FILME,ESTADOS UNIDOS
E2300151600000,WHITE BIRD,PÁSSARO BRANCO – UMA HISTÓRIA DE EXTRAORDINÁRIO,ESTADOS UNIDOS
E2300511000000,ALL OF US STRANGERS,TODOS NÓS DESCONHECIDOS,ESTADOS UNIDOS
E2400374900000,WICKED,WICKED,ESTADOS UNIDOS
E1500192500000,EYES WIDE SHUT,DE OLHOS BEM FECHADOS,ESTADOS UNIDOS
E2300278900000,LAILA IN HAIFA,UMA NOITE EM HAIFA,FRANÇA
E2400314300000,JOKER: FOLIE À DEUX,CORINGA: DELÍRIO A DOIS,ESTADOS UNIDOS
E2400134700000,THE HUNTED,A CAÇA,BÉLGICA
E2300058200000,BOOK CLUB: THE NEXT CHAPTER,DO JEITO QUE ELAS QUEREM - O PRÓXIMO CAPÍTULO,ESTADOS UNIDOS
E2300201000000,LA SYNDICALISTE,A SINDICALISTA,ALEMANHA
E2400190300000,CI´ANCORA DOMANI,AINDA TEMOS O AMANHÃ,ITÁLIA
E2300550800000,THE BEASTS,AS BESTAS,ESPANHA
E2400269400000,KINDS OF KINDNESS,TIPOS DE GENTILEZA,ESTADOS UNIDOS
E1900108100000,"PARIS, TEXAS","PARIS, TEXAS",ALEMANHA
E2400050500000,DESPICABLE ME 4,MEU MALVADO FAVORITO 4,ESTADOS UNIDOS
E2400337600000,PAUL MCCARTNEY AND WINGS - ONE HAND CLAPPING,PAUL MCCARTNEY AND WINGS - ONE HAND CLAPPING,INGLATERRA
E2400340500000,SOUND OF HOPE: THE STORY OF POSSUM TROT,SOM DA ESPERANÇA - A HISTÓRIA DE POSSUM TROT,ESTADOS UNIDOS
E2200401200000,AFTERSUN,AFTERSUN,ESTADOS UNIDOS
E2300437100000,O NATAL DO BRUNO ALEIXO,O NATAL DO BRUNO ALEIXO,PORTUGAL
E2400309300000,WOMAN OF THE HOUR,A GAROTA DA VEZ,ESTADOS UNIDOS
E2400309200000,THE APPRENTICE,O APRENDIZ,CANADÁ
E2300002600000,THE OFFERING,OFERENDA AO DEMÔNIO,ESTADOS UNIDOS
E2400474700000,THE VISITOR,O INTRUSO,REINO UNIDO
E2400368900000,SHAWN MENDES: FOR FRIENDS & FAMILY ONLY LIVE FROM WOODSTOCK,SHAWN MENDES: FOR FRIENDS & FAMILY ONLY LIVE FROM WOODSTOCK,ESTADOS UNIDOS
B2200307000000,LO QUE QUEDA EN EL CAMINO,,ALEMANHA
E2400047000000,THE TEACHER´S LOUNGE,A SALA DOS PROFESSORES,ALEMANHA
E2400053500000,THE FIRST DAY OF MY LIFE,O PRIMEIRO DIA DA MINHA VIDA,ITÁLIA
B2300469100000,SALAMANDRA,,BÉLGICA
E2400232600000,DIVERTIMENTO,DIVERTIMENTO,FRANÇA
E2200126100000,MINIONS: THE RISE OF GRU,MINIONS 2: A ORIGEM DE GRU,ESTADOS UNIDOS
E2400431500000,SOLO LEVELING – REAWAKENING,SOLO LEVELING - SEGUNDO DESPERTAR,JAPÃO
E2200390600000,DECISION TO LEAVE,DECISÃO DE PARTIR,CORÉIA DO SUL
E2300198400000,CATS IN THE MUSEUM,GATOS NO MUSEU,BELARUS (BIELORUSSIA)
E2200464500000,MUMMIES,AS MÚMIAS E O ANEL PERDIDO,ESPANHA
E2300049000000,HEAVEN IN HELL,DESEJO PROIBIDO,POLÔNIA
E2300316400000,NAPOLEON,NAPOLEÃO,INGLATERRA
E1402450800000,INTERSTELLAR,INTERESTELAR,ESTADOS UNIDOS
E1500259900000,SUPERMAN 1,SUPERMAN: O FILME,ESTADOS UNIDOS
E2400102200000,ET LA FÊTE CONTINUE!,E A FESTA CONTINUA,FRANÇA
E2300151200000,PAST LIVES,VIDAS PASSADAS,CORÉIA DO SUL
E2300387400000,MAL VIVER,MAL VIVER,FRANÇA
E2300133700000,ARGONUTS,NINA: A HEROÍNA DOS SETE MARES,FRANÇA
E2400460600000,MARCELLO MIO,MARCELLO MIO,FRANÇA
E2400380200000,LORD OF THE RINGS: THE WAR OF THE ROHIRRIM,O SENHOR DOS ANÉIS: A GUERRA DOS ROHIRRIM,ESTADOS UNIDOS
E2300182000000,RUBY GILLMAN TEENAGE KRAKEN,RUBY MARINHO - MONSTRO ADOLESCENTE,ESTADOS UNIDOS
E2300424800000,MAESTRO,MAESTRO,ESTADOS UNIDOS
B1800418500000,PARA'Í,PARA'Í,BRASIL
E2400378500000,OVERLORD: THE SACRED KINGDOM,OVERLORD O REINO SAGRADO,JAPÃO
E2400186000000,FLY ME TO THE MOON,COMO VENDER A LUA,ESTADOS UNIDOS
E2400279500000,USHER: RENDEZVOUS IN PARIS,USHER: RENDEZVOUS IN PARIS,ESTADOS UNIDOS
E2400251600000,CINDERELLA'S REVENGE,A VINGANÇA DE CINDERELA,ESTADOS UNIDOS
E2400030600000,O ÚLTIMO ANIMAL,O ÚLTIMO ANIMAL,PORTUGAL
E2400277300000,THE SUBSTANCE,A SUBSTÂNCIA,ESTADOS UNIDOS
E2300387500000,VIVER MAL,VIVER MAL,FRANÇA
E2200126300000,JURASSIC WORLD: DOMINION,JURASSIC WORLD: DOMÍNIO,ESTADOS UNIDOS
E1800605900000,THE MULE,A MULA,ESTADOS UNIDOS
E2400369000000,TAEYONG: TY TRACK IN CINEMAS,TAEYONG: TY TRACK IN CINEMAS,CORÉIA DO SUL
E1500096600000,THE MATRIX,MATRIX,AUSTRÁLIA
E2200087300000,SONIC THE HEDGEHOG 2,SONIC 2 - O FILME,ESTADOS UNIDOS
E2300364600000,EXTRAÑA FORMA DE VIDA,ESTRANHA FORMA DE VIDA VERSÃO ESTENDIDA,ESPANHA
B2300382200000,RETRATO DE UM CERTO ORIENTE,,ITÁLIA
E2400091800000,THE GREAT ESCAPER,A GRANDE FUGA,FRANÇA
B2300071700000,O MENSAGEIRO,,ARGENTINA
E2400489400000,CHRONIQUE D'UNE LIAISON PASSAGÈRE,CRÔNICA DE UMA RELAÇÃO PASSAGEIRA,FRANÇA
E2300248200000,DISCO BOY,DISCO BOY,FRANÇA
E2300467500000,LE THÉORÈME DE MARGUERITE,O DESAFIO DE MARGUERITE,FRANÇA
E1402442100000,HIGH SCHOOL MUSICAL 3: SENIOR YEAR,HIGH SCHOOL MUSICAL 3: ANO DA FORMATURA,ESTADOS UNIDOS
E2300251100000,CIDADE RABAT,CIDADE RABAT,PORTUGAL
E2400394800000,LOS SUEÑOS DE PEPE,OS SONHOS DE PEPE,URUGUAI
E1700623600000,THE 15:17 TO PARIS,"15H17 - TREM PARA PARIS",ESTADOS UNIDOS
E2400242400000,CORALINE 15TH ANNIVERSARY,CORALINE 15TH ANNIVERSARY,ESTADOS UNIDOS
E2300150800000,TALK TO ME,FALE COMIGO,AUSTRÁLIA
E2400326800000,BLACK TEA,BLACK TEA - O AROMA DO AMOR,CHINA
E2400462200000,STORIES NOT TO BE TOLD,HISTÓRIAS QUE É MELHOR NÃO CONTAR,ESPANHA
E2400003000000,MASHA AND THE BEAR - TWICE THE FUN,MASHA E O URSO - DIVERSÃO EM DOBRO,RÚSSIA
E2300119300000,NO BEARS,SEM URSOS,IRÃ
E2400451300000,NOD ALL WE IMAGINE AS LIGHT,TUDO QUE IMAGINAMOS COMO LUZ,FRANÇA
E2400118000000,PEARL JAM - DARK MATTER - GLOBAL THEATRICAL EXPERIENCE - ONE NIGHT ONLY,PEARL JAM - DARK MATTER - GLOBAL THEATRICAL EXPERIENCE - ONE NIGHT ONLY,INGLATERRA
E1500192700000,HARRY POTTER AND THE PRISONER OF AZKABAN,HARRY POTTER E O PRISIONEIRO DE AZKABAN,ESTADOS UNIDOS
E2300492700000,SOFTIE,SOFTIE,FRANÇA
E2400314500000,LOOK BACK,LOOK BACK,JAPÃO
E2400312600000,SIDONIE AU JAPON,SIDONIE NO JAPÃO,FRANÇA
E2400178100000,MASTER GARDENER,JARDIM DOS DESEJOS,ESTADOS UNIDOS
E2300491100000,NEXT GOAL WINS,QUEM FIZER GANHA,ESTADOS UNIDOS
E2200443800000,THE FABELMANS,OS FABELMANS,ESTADOS UNIDOS
E2300439100000,ROTER HIMMEL,AFIRE,ALEMANHA
E2400070700000,THE BIKERIDERS,CLUBE DOS VÂNDALOS,ESTADOS UNIDOS
E2400414400000,MUFASA: THE LION KING,MUFASA: O REI LEÃO,ESTADOS UNIDOS
E2400036900000,IMAGINARY,IMAGINÁRIO - BRINQUEDO DIABÓLICO,ESTADOS UNIDOS
E2400172900000,"BONNARD, PIERRE ET MARTHE",A MUSA DE BONNARD,BÉLGICA
E2400338700000,MEGALOPOLIS,MEGALÓPOLIS,ESTADOS UNIDOS
E2200343700000,TAD THE LOST EXPLORER AND THE EMERALD TABLET,AS AVENTURAS DE TADEO E A TÁBUA DE ESMERALDA,ESPANHA
E2400283700000,TRANSFORMERS ONE,TRANSFORMERS - O INÍCIO,ESTADOS UNIDOS
E1500164300000,A CLOCKWORK ORANGE,LARANJA MECÂNICA,ESTADOS UNIDOS
E2400305500000,THE FORGE,A FORJA,ESTADOS UNIDOS
E2400336200000,RIIZE FAN-CON TOUR 'RIIZING DAY' FINALE IN CINEMAS,RIIZE FAN-CON TOUR 'RIIZING DAY' FINALE IN CINEMAS,CORÉIA DO SUL
E2400387600000,SONIC THE HEDGEHOG 3,SONIC 3 - O FILME,ESTADOS UNIDOS
B2300570500000,A FLOR DO BURITI,,PORTUGAL
E2400160000000,HAIKYU!! THE DUMPSTER BATTLE,HAIKYU!! THE DUMPSTER BATTLE,JAPÃO
E2200400100000,TÁR,TÁR,ESTADOS UNIDOS
E1402794100000,MONSTERS INC,MONSTROS S.A.,ESTADOS UNIDOS
E2400144700000,MAESTRO(S),MAESTRO(S),FRANÇA
E2400176000000,THE CHOSEN,THE CHOSEN - OS ESCOLHIDOS - TEMPORADA 4 - PARTE 4,ESTADOS UNIDOS
E2400199200000,VERMIN,INFESTAÇÃO,ESTADOS UNIDOS
E2400129700000,L'ÉTOILE FILANTE,A ESTRELA CADENTE,BÉLGICA
E2300147600000,NOS LEVANTAREMOS AL ALBA,A FORÇA DA AMIZADE,ESPANHA
E2400085200000,SUGA - AGUST D TOUR ‘D-DAY’ THE MOVIE,SUGA - AGUST D TOUR ‘D-DAY’ THE MOVIE,CORÉIA DO SUL
E2400261300000,KILL,KILL - O MASSACRE NO TREM,ESTADOS UNIDOS
E2300534000000,MEAN GIRLS,MENINAS MALVADAS,ESTADOS UNIDOS
E2400373500000,JEANNE DU BARRY,A FAVORITA DO REI,FRANÇA
E2200036200000,THE BATMAN,BATMAN,ESTADOS UNIDOS
E2400121500000,GRACIE AND PEDRO: PETS TO THE RESCUE,PETS EM AÇÃO!,ÁFRICA DO SUL
E2300439200000,SAMSARA,"SAMSARA, A JORNADA DA ALMA",ESPANHA
E2400138200000,THE ROUNDUP: NO WAY OUT,THE ROUNDUP FORÇA BRUTA: SEM SAÍDA,CORÉIA DO SUL
E2300354900000,TROLLS BAND TOGETHER,TROLLS 3 - JUNTOS NOVAMENTE,ESTADOS UNIDOS
E2400361600000,MY HERO ACADEMIA: YOU'RE NEXT,MY HERO ACADEMIA - AGORA É A SUA VEZ,JAPÃO
E2400127200000,EZRA,"MEU FILHO, NOSSO MUNDO",ESTADOS UNIDOS
E2400275400000,HELLBOY: THE CROOKED MAN,HELLBOY E O HOMEM TORTO,ESTADOS UNIDOS
E2400222500000,THE FEELING THAT THE TIME FOR DOING SOMETHING HAS PASSED,AQUELA SENSAÇÃO QUE O TEMPO DE FAZER ALGO PASSOU,ESTADOS UNIDOS
E2300354600000,DUNE: PART TWO,DUNA: PARTE DOIS,ESTADOS UNIDOS
E2300331300000,VIDBLYSK,REFLEXÃO,UCRÂNIA
E2300468100000,THE FALL GUY,O DUBLÊ,ESTADOS UNIDOS
E2400202300000,THE OLD OAK,O ÚLTIMO PUB,BÉLGICA
E2400007000000,MONEYBOYS,MONEYBOYS,ÁUSTRIA
E2400184400000,VENOM: THE LAST DANCE,VENOM: A ÚLTIMA RODADA,ESTADOS UNIDOS
E2400267000000,NEVER LET GO,NÃO SOLTE!,ESTADOS UNIDOS
E2300529600000,DREAM SCENARIO,O HOMEM DOS SONHOS,ESTADOS UNIDOS
E1500453600000,BATMAN,BATMAN,ESTADOS UNIDOS
E2400119200000,NAUGHTY,ATREVIDA,RÚSSIA
E2400062000000,CHALLENGERS,RIVAIS,ESTADOS UNIDOS
E2300354500000,AQUAMAN AND THE LOST KINGDOM,AQUAMAN 2: O REINO PERDIDO,ESTADOS UNIDOS
E2400073000000,THE FIRST OMEN,A PRIMEIRA PROFECIA,ESTADOS UNIDOS
E2300467600000,L'ÉTÉ DERNIER,CULPA E DESEJO,FRANÇA
E1500351300000,WES CRAVEN'S NEW NIGHTMARE,A HORA DO PESADELO 7 - O NOVO PESADELO: O RETORNO DE FREDDY KRUEGER,ESTADOS UNIDOS
E2300181700000,ASTEROID CITY,ASTEROID CITY,ESTADOS UNIDOS
E2300216200000,BARBIE,BARBIE,ESTADOS UNIDOS
E2400202100000,MAIXABEL,REDENÇÃO,ESPANHA
E1500381800000,STAR WARS: EPISODE I - THE PHANTOM MENACE,STAR WARS: EPISÓDIO I - A AMEAÇA FANTASMA,ESTADOS UNIDOS
E2300459900000,THE COLOR PURPLE,A COR PÚRPURA,ESTADOS UNIDOS
E2300121700000,EL ULTIMO LLAMADO DE MARÍA,O ÚLTIMO CHAMADO DE MARIA,PANAMÁ
E2100328400000,CRY MACHO,CRY MACHO: O CAMINHO PARA A REDENÇÃO,ESTADOS UNIDOS
E2400232800000,KRAVEN THE HUNTER,KRAVEN O CAÇADOR,ESTADOS UNIDOS
E2100448400000,CLIFFORD THE BIG RED DOG,CLIFFORD - O GIGANTE CÃO VERMELHO,CANADÁ
E2400145800000,TIL ALL ARE ONE: TRANSFORMERS 40TH ANNIVERSARY EVENT,TRANSFORMERS 40TH ANNIVERSARY EVENT,ESTADOS UNIDOS
E2400104400000,BOY KILLS WORLD,CONTRA O MUNDO,ESTADOS UNIDOS
E2400275100000,SWAN LAKE,SWAN LAKE,FRANÇA
E2400100800000,UNE BELLE COURSE,CONDUZINDO MADELEINE,BÉLGICA
E2300007300000,THE TEXAS CHAIN SAW MASSACRE,O MASSACRE DA SERRA ELÉTRICA,ESTADOS UNIDOS
E2400068200000,PLAN 75,PLANO 75,JAPÃO
E2400131600000,NINE 1/2 WEEKS,"9 ½ SEMANAS DE AMOR",ESTADOS UNIDOS
E2400051900000,"IO, CAPITANO","EU, CAPITÃO",BÉLGICA
E2400261400000,KRASNAYA SHAPOCHKA,CHAPEUZINHO VERMELHO - HERANÇA DE FAMÍLIA,RÚSSIA
E2400178000000,L´ORDINE DEL TEMPO,A ORDEM DO TEMPO,ITÁLIA
E2200459600000,THE BANSHEES OF INISHERIN,OS BANSHEES DE INISHERIN,ESTADOS UNIDOS
E2300468000000,NIGHT SWIM,MERGULHO NOTURNO,ESTADOS UNIDOS
E2300424900000,MAY DECEMBER,SEGREDOS DE UM ESCÂNDALO,ESTADOS UNIDOS
E2400342800000,ALL DIRT ROADS TASTE OF SALT,TODAS AS ESTRADAS DE TERRA TEM GOSTO DE SAL,ESTADOS UNIDOS
E2300529700000,THE POT AU FEU,O SABOR DA VIDA,FRANÇA
E2300533900000,KURU OTLAR ÜSTÜNE,ERVAS SECAS,TURQUIA
E2400117400000,WICKED LITTLE LETTERS,PEQUENAS CARTAS OBSCENAS,INGLATERRA
E2300400900000,BRADO,BRADO,ITÁLIA
E2400176800000,LATE NIGHT WITH THE DEVIL,ENTREVISTA COM O DEMÔNIO,AUSTRÁLIA
E2400414600000,THE COUNT OF MONTE CRISTO,O CONDE DE MONTE CRISTO,FRANÇA
E2400112800000,HAROLD AND THE PURPLE CRAYON,HAROLD E O LÁPIS MÁGICO,ESTADOS UNIDOS
B2400164900000,GREICE,,PORTUGAL
E2300436900000,LA STRANEZZA,A ESTRANHA COMÉDIA DA VIDA,ITÁLIA
E2300037300000,BEAU IS AFRAID,BEAU TEM MEDO,CANADÁ
E2400363900000,WHITNEY HOUSTON - THE CONCERT FOR A NEW SOUTH AFRICA,,ESTADOS UNIDOS
E1500303400000,THE DARK KNIGHT,BATMAN O CAVALEIRO DAS TREVAS,ESTADOS UNIDOS
E2300571000000,AFTER DEATH,DEPOIS DA MORTE,ESTADOS UNIDOS
E2300489500000,ARGYLLE,ARGYLLE - O SUPERESPIÃO,ESTADOS UNIDOS
E2400348900000,FORBIDDEN PLAY,A ÚLTIMA INVOCAÇÃO,JAPÃO
E2400053400000,LES FILLES D'OLFA,AS 4 FILHAS DE OLFA,ALEMANHA
E2400214500000,CINDERELLA'S CURSE,A MALDIÇÃO DE CINDERELA,REINO UNIDO
E2400041200000,ABIGAIL,ABIGAIL,ESTADOS UNIDOS
E2400463300000,HOW TO MAKE MILLIONS BEFORE GRANDMA DIES,COMO GANHAR MILHÕES ANTES QUE A AVÓ MORRA,TAILÂNDIA
E2400447900000,LAUFEY’S A NIGHT AT THE SYMPHONY: HOLLYWOOD BOWL,LAUFEY’S A NIGHT AT THE SYMPHONY: HOLLYWOOD BOWL,ESTADOS UNIDOS
E2400016800000,THE IRON CLAW,GARRA DE FERRO,ESTADOS UNIDOS
E2300468200000,THE THREE MUSKETEERS: MILADY,OS TRÊS MOSQUETEIROS: MILADY,ALEMANHA
E2400190400000,WINTER BOY,INVERNO EM PARIS,FRANÇA
E2400387500000,GLADIATOR II,GLADIADOR II,ESTADOS UNIDOS
E2300129900000,GUARDIANS OF THE GALAXY VOL. 3,GUARDIÕES DA GALÁXIA VOL. 3,ESTADOS UNIDOS
E2400224600000,MY PENGUIN FRIEND,MEU AMIGO PINGUIM,BRASIL
E1500164600000,BATMAN BEGINS,BATMAN BEGINS,ESTADOS UNIDOS
E2400072400000,AESPA: WORLD TOUR IN CINEMAS,AESPA: WORLD TOUR IN CINEMAS,CORÉIA DO SUL
E2300438900000,HOW TO HAVE SEX,HOW TO HAVE SEX,REINO UNIDO
E2400159600000,TWISTERS,TWISTERS,ESTADOS UNIDOS
E2400443000000,SEBASTIAN,SEBASTIAN,REINO UNIDO
E2400073700000,THE CHOSEN,THE CHOSEN - OS ESCOLHIDOS - TEMPORADA 4,ESTADOS UNIDOS
E2300442300000,ANYONE BUT YOU,TODOS MENOS VOCÊ,ESTADOS UNIDOS
E1500192200000,THE SHINING,O ILUMINADO,ESTADOS UNIDOS
E2400002700000,ARTHUR THE KING,UMA PROVA DE CORAGEM,ESTADOS UNIDOS
E2100542400000,UNCHARTED,UNCHARTED: FORA DO MAPA,ESTADOS UNIDOS
E2300566700000,QUEEN ROCK MONTREAL,QUEEN ROCK MONTREAL,CANADÁ
E2400035400000,THE SNOW QUEEN AND THE PRINCESS,O REINO GELADO: A MAGIA CONTINUA,RÚSSIA
E2100492600000,SING 2,SING 2,ESTADOS UNIDOS
B2400126700000,SEM CORAÇÃO,,ITÁLIA
E2200083800000,FANTASTIC BEASTS: THE SECRETS OF DUMBLEDORE,ANIMAIS FANTÁSTICOS: OS SEGREDOS DE DUMBLEDORE,ESTADOS UNIDOS
E2300539200000,BAGHEAD,A BRUXA DOS MORTOS - BAGHEAD,REINO UNIDO
E2400134300000,IF,AMIGOS IMAGINÁRIOS,ESTADOS UNIDOS
E2300551500000,ROBOT DREAMS,MEU AMIGO ROBÔ,ESPANHA
E2300522600000,THE ZONE OF INTEREST,ZONA DE INTERESSE,ESTADOS UNIDOS
E2400256800000,WIDOW CLICQUOT,A VIÚVA CLICQUOT -  A MULHER QUE FORMOU UM IMPÉRIO,ESTADOS UNIDOS
E2300504800000,GHOSTBUSTERS: FROZEN EMPIRE,GHOSTBUSTERS: APOCALIPSE DE GELO,ESTADOS UNIDOS
E2300294100000,TEENAGE MUTANT NINJA TURTLES: MUTANT MAYHEM,AS TARTARUGAS NINJA: CAOS MUTANTE,ESTADOS UNIDOS
E2400143100000,ORDINARY ANGELS,UMA VIDA DE ESPERANÇA,ESTADOS UNIDOS
E2200464700000,CLOSE,CLOSE,BÉLGICA
E2300511100000,IL SOL DELL'AVVENIRE,O MELHOR ESTÁ POR VIR,ITÁLIA
E2400447100000,DAFT PUNK & LEIJI MATSUMOTO'S INTERSTELLA 5555  THE 5TORY OF THE 5ECRET 5TAR 5YSTEM,DAFT PUNK & LEIJI MATSUMOTO'S INTERSTELLA 5555  THE 5TORY OF THE 5ECRET 5TAR 5YSTEM,FRANÇA
E2400163000000,THE CHOSEN,THE CHOSEN - OS ESCOLHIDOS - TEMPORADA 4 - PARTE 3,ESTADOS UNIDOS
E2200345800000,AVEC AMOUR ET ACHARNEMENT,COM AMOR E FÚRIA,FRANÇA
E2300444800000,THE HUNGER GAMES – BALLAD OF SONGBIRDS AND SNAKES,JOGOS VORAZES – A CANTIGA DOS PÁSSAROS E DAS SERPENTES,ESTADOS UNIDOS
E1500245500000,BLADE RUNNER,BLADE RUNNER - O CAÇADOR DE ANDRÓIDES,ESTADOS UNIDOS
E2400362700000,MAX AND ME,MAXIMILIANO KOLBE E EU,ESTADOS UNIDOS
E2300407800000,THE KILLER,O ASSASSINO,ESTADOS UNIDOS
E2300372500000,GLUPCY,TOLOS SÃO OS OUTROS,POLÔNIA
E2400251800000,BEETLEJUICE BEETLEJUICE,OS FANTASMAS AINDA SE DIVERTEM: BEETLEJUICE BEETLEJUICE,ESTADOS UNIDOS
E2400293700000,BASTARDEN,O BASTARDO,ALEMANHA
E1500138500000,HARRY POTTER AND THE CHAMBER OF SECRETS,HARRY POTTER E A CÂMARA SECRETA,ESTADOS UNIDOS
E2300125900000,THE LITTLE MERMAID,A PEQUENA SEREIA,ESTADOS UNIDOS
E1500095100000,THE LORD OF THE RINGS : THE RETURN OF THE KING,O SENHOR DOS ANÉIS : O RETORNO DO REI,ESTADOS UNIDOS
E2400167000000,SKAZKA,CONTO DE FADAS,RÚSSIA
E2400373200000,BONHOEFFER: PASTOR. SPY. ASSASSIN,A REDENÇÃO - A HISTÓRIA REAL DE BONHOEFFER,BÉLGICA
E2300333600000,THE RETIREMENT PLAN,PLANO DE APOSENTADORIA,CANADÁ
E1402802700000,LORD OF THE RINGS: THE FELLOWSHIP OF THE RING,O SENHOR DOS ANEIS: A SOCIEDADE DO ANEL,ESTADOS UNIDOS
E2300272600000,EL CIELO NO PUEDE ESPER@R,O CEU NÃO PODE ESPER@AR - CARLO ACUTIS,ESPANHA
E2400248900000,THE SILK ROAD RALLY,CORRIDA MALUCA,CANADÁ
E2400009900000,KUNG FU PANDA 4,KUNG FU PANDA 4,ESTADOS UNIDOS
E2400171800000,THE EXORCISM,O EXORCISMO,ESTADOS UNIDOS
E2300460500000,THE HOLDOVERS,OS REJEITADOS,ESTADOS UNIDOS
E2400199800000,BORDERLANDS,BORDERLANDS,ESTADOS UNIDOS
B2300051700000,FOGARÉU,FOGARÉU,BRASIL
E1402795100000,THE HUNDRED FOOT JOURNEY,A 100 PASSOS DE UM SONHO,ESTADOS UNIDOS
E2300467900000,LEAVE,PACTO COM O DEMÔNIO,NORUEGA
E2300216600000,BLUE BEETLE,BESOURO AZUL,ESTADOS UNIDOS
E2400099200000,ZIELONA GRANICA,ZONA DE EXCLUSÃO,ALEMANHA
E2400110900000,THE CROW,O CORVO,ESTADOS UNIDOS
E2400036800000,GUADALUPE - MADRE DELA HUMANIDAD,GUADALUPE - A MÃE DA HUMANIDADE,ESPANHA
B2400293500000,MOTEL DESTINO,,ALEMANHA
E2300375700000,PAW PATROL: THE MIGHTY MOVIE,PATRULHA CANINA: UM FILME SUPERPODEROSO,CANADÁ
E2400336900000,JUNG KOOK: I AM STILL,JUNG KOOK: I AM STILL,CORÉIA DO SUL
E2300491500000,WISH,WISH: O PODER DOS DESEJOS,ESTADOS UNIDOS
E2400454000000,NCT DREAM MYSTERY LAB: DREAM( )SCAPE IN CINEMAS,NCT DREAM MYSTERY LAB: DREAM( )SCAPE IN CINEMAS,CORÉIA DO SUL
E2400171700000,STING,STING - ARANHA ASSASSINA.,AUSTRÁLIA
B2400244500000,EL AUGE DEL HUMANO 3,,ARGENTINA
E2400193600000,WAKE UP,HORA DO MASSACRE,FRANÇA
E2300345200000,SILVER HAZE,NÉVOA PRATEADA,HOLANDA
E2400261600000,SYMPATHY FOR THE DEVIL,LIGAÇÃO SOMBRIA,ESTADOS UNIDOS
E2200413300000,TERRIFIER 2,TERRIFIER 2,ESTADOS UNIDOS
E2400114800000,SIMPLE COMME SYLVAIN,A NATUREZA DO AMOR,CANADÁ
E2200403600000,PUSS IN BOOTS: THE LAST WISH,GATO DE BOTAS 2: O ÚLTIMO PEDIDO,ESTADOS UNIDOS
E2300167200000,PASSAGES,PASSAGES,FRANÇA
E2400085100000,HATE TO LOVE: NICKELBACK,HATE TO LOVE: NICKELBACK,CANADÁ
E2300372800000,ARRÊTE AVEC TES MENSONGES,PARE COM SUAS MENTIRAS,FRANÇA
E2400069300000,EVIDÊNCIAS DO AMOR,EVIDÊNCIAS DO AMOR,ESTADOS UNIDOS
E2300423900000,DOGMAN,DOGMAN,FRANÇA
E2400265100000,BERNADETTE,BERNADETTE,FRANÇA
E2300341600000,SOUND OF FREEDOM,SOM DA LIBERDADE,ESTADOS UNIDOS
E2400102300000,MAKING OF,CINEMA É UMA DROGA PESADA,FRANÇA
E2400091400000,CLUB ZERO,CLUBE ZERO,ALEMANHA
E2300459300000,MIGRATION,PATOS!,ESTADOS UNIDOS
E2400004400000,THE BOY AND THE HERON,O MENINO E A GARÇA,JAPÃO
E2300569900000,ONE LIFE,UMA VIDA - A HISTÓRIA DE NICHOLAS WINTON,INGLATERRA
E2300425600000,THE NUTCRACKER AND THE MAGIC FLUTE,A VIAGEM ENCANTADA,RÚSSIA
E2300004000000,BROKER,BROKER - UMA NOVA CHANCE,JAPÃO
E2400279300000,CAPTIVES,BAILE DAS LOUCAS,FRANÇA
E2400091700000,MONKEY MAN,FÚRIA PRIMITIVA,CANADÁ
E1402739100000,AMERICAN SNIPER,SNIPER AMERICANO,ESTADOS UNIDOS
E2400023100000,PET SHOP BOYS DREAMWORLD: THE GREATEST HITS,PET SHOP BOYS DREAMWORLD: THE GREATEST HITS,INGLATERRA
E2400373300000,CABRINI,CABRINI,ESTADOS UNIDOS
E2300553300000,KHITROVKA. ZNAK CHETYRYOKH,NO SUBMUNDO DE MOSCOU,RÚSSIA
E2400161200000,THE WATCHERS,OS OBSERVADORES,ESTADOS UNIDOS
E2300181900000,OPPENHEIMER,OPPENHEIMER,ESTADOS UNIDOS
E2400037000000,LA SIRVIENTA,A SERVA,ESPANHA
E2300561500000,BOB MARLEY: ONE LOVE,BOB MARLEY: ONE LOVE,ESTADOS UNIDOS
E1500099900000,THE EXORCIST,O EXORCISTA,ESTADOS UNIDOS
E2300568800000,LOS COLONOS,OS COLONOS,CHILE
E2400280100000,LIBRES - DUC IN ALTUM,LIVRE - DUC IN ALTUM,ESPANHA
E2400179900000,INSIDE OUT 2,DIVERTIDA MENTE 2,ESTADOS UNIDOS
E2300441900000,LORD OF MISRULES,O SENHOR DO CAOS,INGLATERRA
E2300580200000,LA CHIMERA,LA CHIMERA,ITÁLIA
E2300417200000,THE MARVELS,AS MARVELS,ESTADOS UNIDOS
E2300467800000,LA SOCIEDAD DE LA NIEVE,A SOCIEDADE DA NEVE,CHILE
E2300230000000,ALL FUN AND GAMES,O JOGO DA INVOCAÇÃO,ESTADOS UNIDOS
E2300244700000,ONDE FICA ESTA RUA? OU SEM ANTES NEM DEPOIS,ONDE FICA ESTA RUA? OU SEM ANTES NEM DEPOIS,PORTUGAL
E2300119200000,À PROPOS DE JOAN,UMA VIDA SEM ELE,FRANÇA
E2400217500000,TESTAMENT,TESTAMENTO,CANADÁ
E1500828600000,THE DARK KNIGHT RISES,BATMAN O CAVALEIRO DAS TREVAS RESSURGE,ESTADOS UNIDOS
E2400346100000,THE ROOM NEXT DOOR,O QUARTO AO LADO,ESTADOS UNIDOS
E2400411900000,DIE FETTEN JAHRE SIND VORBEI,,ALEMANHA
E2400369100000,TEARS FOR FEARS LIVE A TIPPING POINT FILM,TEARS FOR FEARS LIVE A TIPPING POINT FILM,ESTADOS UNIDOS
E2400414200000,ELEVATION,A LINHA DA EXTINÇÃO,ESTADOS UNIDOS
E2400412600000,TREASURE,TESOURO,ALEMANHA
E2400253700000,THE WILD ROBOT,ROBÔ SELVAGEM,ESTADOS UNIDOS
E2400072900000,TAROT,O TARÔ DA MORTE,ESTADOS UNIDOS
E2400091300000,BAD BOYS: RIDE OR DIE,BAD BOY : ATÉ O FIM,ESTADOS UNIDOS
E2400096400000,"10 LIVES",UM GATO DE SORTE,REINO UNIDO
E2300193100000,ELEMENTAL,ELEMENTOS,ESTADOS UNIDOS
E2400274400000,WE LIVE IN TIME,TODO TEMPO QUE TEMOS,FRANÇA
E1500251900000,RELATOS SALVAJES,RELATOS SELVAGENS,ARGENTINA
E2400104900000,WINNIE-THE-POOH: BLOOD AND HONEY 2,URSINHO POOH: SANGUE E MEL 2,REINO UNIDO
E2400066500000,CIVIL WAR,GUERRA CIVIL,ESTADOS UNIDOS
E2400243000000,BLACKPINK WORLD TOUR [BORN PINK] IN CINEMAS,BLACKPINK WORLD TOUR [BORN PINK] IN CINEMAS,CORÉIA DO SUL
E2300052300000,THE SUPER MARIO BROS. MOVIE,SUPER MARIO BROS. - O FILME,ESTADOS UNIDOS
E2300256000000,THE HAUNTING OF THE QUEEN MARY,A MALDIÇÃO DO QUEEN MARY,ESTADOS UNIDOS
E2300448000000,ANATOMY OF A FALL,ANATOMIA DE UMA QUEDA,FRANÇA
E2400049300000,SLEEPING DOGS,A TEIA,AUSTRÁLIA
E2400142100000,TERRIFIER 3,TERRIFIER 3,ESTADOS UNIDOS
E2400314700000,SUPER/MAN: THE CHRISTOPHER REEVE STORY,SUPER/MAN: A HISTÓRIA DE CHRISTOPHER REEVE,ESTADOS UNIDOS
E2300237100000,MAVKA: THE FOREST SONG,MAVKA - AVENTURA NA FLORESTA,ESTADOS UNIDOS
E2400176700000,LE RAVISSEMENT,RAPTO,FRANÇA
E2300503800000,MADAME WEB,MADAME TEIA,ESTADOS UNIDOS
E1402805000000,THE GOONIES,OS GOONIES,ESTADOS UNIDOS
E2300387300000,LES ÂMES SOEURS,ALMAS GÊMEAS,FRANÇA
E1500788300000,BEETLEJUICE,OS FANTASMAS SE DIVERTEM,ESTADOS UNIDOS
E2400326500000,BANEL & ADAMA,BANEL & ADAMA,FRANÇA
E2400179600000,SPEAK NO EVIL,NÃO FALE O MAL,ESTADOS UNIDOS
E1500138600000,HARRY POTTER AND THE PHILOSOPHER'S STONE,HARRY POTTER E A PEDRA FILOSOFAL,ESTADOS UNIDOS
E2400312700000,UN SILENCE,UM SILÊNCIO,FRANÇA
E2400148800000,AYEH HAYE ZAMINI,CRÔNICAS DO IRÃ,IRÃ
E2300375500000,KILLERS OF THE FLOWER MOON,ASSASSINOS DA LUA DAS FLORES,ESTADOS UNIDOS
E1600159100000,THE LONE RANGER,O CAVALEIRO SOLITÁRIO,ESTADOS UNIDOS
E2400222100000,MAXXXINE,MAXXXINE,ESTADOS UNIDOS
E2400106900000,LOVE LIES BLEEDING,LOVE LIES BLEEDING - O AMOR SANGRA,ESTADOS UNIDOS
B2100472800000,PALOMA,,PORTUGAL
E2400053900000,BACK TO BLACK,BACK TO BLACK,ESTADOS UNIDOS
E2400127300000,SOMETIMES I THINK ABOUT DYING,ÀS VEZES QUERO SUMIR,ESTADOS UNIDOS
E2400098400000,KINGDOM OF THE PLANET OF THE APES,PLANETA DOS MACACOS: O REINADO,ESTADOS UNIDOS
E2400053600000,"20 DNIV U MARIUPOLI","20 DIAS EM MARIUPOL",UCRÂNIA
E2400268200000,ALIEN: ROMULUS,ALIEN: ROMULUS,ESTADOS UNIDOS
E2200126400000,DC LEAGUE OF SUPERPETS,DC LIGA DOS SUPER PETS,ESTADOS UNIDOS
E2300503600000,GARFIELD,GARFIELD FORA DE CASA,ESTADOS UNIDOS
E2400009800000,BLUE WHALE,O JOGO DA MORTE,RÚSSIA
E2000334800000,THE CROODS: A NEW AGE,OS CROODS 2: UMA NOVA ERA,ESTADOS UNIDOS
E2400157200000,FAMILIA,FAMILIA,JAPÃO
E2200352800000,CORAZON DE PADRE,CORAÇÃO DE PADRE - SÃO JOSÉ,ESPANHA
E2300341800000,THANKSGIVING,FERIADO SANGRENTO,ESTADOS UNIDOS
E2400233300000,TRAP,ARMADILHA,ESTADOS UNIDOS
E2400261100000,COUP DE CHANCE,GOLPE DE SORTE EM PARIS,FRANÇA
E2300438800000,FALLEN LEAVES,FOLHAS DE OUTONO,ALEMANHA
E2200378300000,BLACK PANTHER: WAKANDA FOREVER,PANTERA NEGRA: WAKANDA PARA SEMPRE,ESTADOS UNIDOS
E2100229400000,SPACE JAM: A NEW LEGACY,SPACE JAM: UM NOVO LEGADO,ESTADOS UNIDOS
E2200303100000,DARK WEB: CICADA 3301,DARK WEB: CICADA 3301,ESTADOS UNIDOS
E2400002900000,LAND OF BAD,ZONA DE RISCO,ESTADOS UNIDOS
E2200082000000,DRIVE MY CAR,DRIVE MY CAR,JAPÃO
E2100362600000,LA DARONNE,A DONA DO BARATO,BÉLGICA
E2400058100000,HIGH & LOW - JOHN GALLIANO,ASCENSÃO E QUEDA - JOHN GALLIANO,ESTADOS UNIDOS
E2400124200000,POOLMAN,O CARA DA PISCINA,ESTADOS UNIDOS
E2300287500000,MY FAIRY TROUBLEMAKER,A FADA DO DENTE,ALEMANHA
E2100356100000,DUNE,DUNA,CANADÁ
E2400414300000,MOANA 2,MOANA 2,CANADÁ
E2400168800000,THE INSEPARABLES,OS INSEPARÁVEIS,BÉLGICA
E2300272700000,SAINT MICHAEL - MEET THE ANGEL,SÃO MIGUEL ARCANJO - O ANJO MAIOR,ESTADOS UNIDOS
E2300491300000,THE BEEKEEPER,BEEKEEPER - REDE DE VINGANÇA,ESTADOS UNIDOS
E2300389100000,POOR THINGS,POBRES CRIATURAS,ESTADOS UNIDOS
E2400015400000,SPY X FAMILY CODE: WHITE,SPY X FAMILY CÓDIGO: BRANCO,JAPÃO
E2300498900000,FERRARI,FERRARI,ESTADOS UNIDOS
E2400080900000,JUNIPER,A MATRIARCA,NOVA ZELÂNDIA
E1600180300000,MADAGASCAR 3: EUROPES'S MOST WANTED,MADAGASCAR 3: OS PROCURADOS,ESTADOS UNIDOS
B2400020300000,O ESTRANHO,,FRANÇA
E2400093300000,MUSIC,MUSIC,ALEMANHA
E2400176500000,IT ENDS WITH US,É ASSIM QUE ACABA,ESTADOS UNIDOS
E2400185600000,GHOST: RITE HERE RITE NOW,GHOST: RITE HERE RITE NOW,ESTADOS UNIDOS
E2200152800000,TOP GUN: MAVERICK,TOP GUN: MAVERICK,CHINA
E1500095000000,THE LORD OF THE RINGS: THE TWO TOWERS,O SENHOR DOS ANÉIS: AS DUAS TORRES,ESTADOS UNIDOS
E1402577300000,JAWS,TUBARÃO,ESTADOS UNIDOS
E2400261500000,STOP MAKING SENSE,STOP MAKING SENSE,ESTADOS UNIDOS
E2400232500000,DEADPOOL & WOLVERINE,DEADPOOL & WOLVERINE,ESTADOS UNIDOS
E1800490300000,THE FAVOURITE,A FAVORITA,ESTADOS UNIDOS
E2300568700000,CUANDO ACECHA LA MALDAD,O MAL QUE NOS HABITA,ARGENTINA
E1500275200000,THE AVENGERS,THE AVENGERS: OS VINGADORES,ESTADOS UNIDOS
E2300494900000,LA LIGNE,A LINHA,SUÍÇA
E2400326900000,LAISSEZ-MOI,DEIXE-ME,SUÍÇA
E2400275000000,SEVENTEEN TOUR 'FOLLOW' AGAIN TO CINEMAS,SEVENTEEN TOUR 'FOLLOW' AGAIN TO CINEMAS,CORÉIA DO SUL
E2400123500000,THE STRANGERS: CHAPTER 1,OS ESTRANHOS: CAPÍTULO 1,ESTADOS UNIDOS
E2400164500000,THE SHIFT,THE SHIFT - O DESLOCAMENTO,ESTADOS UNIDOS
E2300084100000,SPIDER-MAN: ACROSS THE SPIDER-VERSE,HOMEM-ARANHA: ATRAVÉS DO ARANHAVERSO,ESTADOS UNIDOS
E2300459100000,LE RETOUR,DE VOLTA À CÓRSEGA,FRANÇA
E2100492800000,THE BLACK PHONE,O TELEFONE PRETO,ESTADOS UNIDOS
E2300564500000,ALICE IN TERRORLAND,ALICE NO PAÍS DAS TREVAS,REINO UNIDO
E2400089600000,"20.000 ESPECIES DE ABEJAS","20.000 ESPÉCIES DE ABELHAS",ESPANHA
E1500260000000,TIM BURTON'S CORPSE BRIDE,NOIVA CADÁVER,ESTADOS UNIDOS
E2300218300000,WONKA,WONKA,ESTADOS UNIDOS
E2400254600000,LUBO,LUBO,ITÁLIA
B1800228100000,O ÚLTIMO PAÍS,O ÚLTIMO PAÍS,BRASIL
B1800307800000,"1798 REVOLTA DOS BÚZIOS","1798 REVOLTA DOS BÚZIOS",BRASIL
B2100339300000,PATERNO,PATERNO,BRASIL
B2200154200000,UM BROTO LEGAL,UM BROTO LEGAL,BRASIL
B2400132900000,GRANDE SERTÃO,GRANDE SERTÃO,BRASIL
B2400430200000,MILAGRE VIVO,MILAGRE VIVO,BRASIL
B2300126400000,HORIZONTE,HORIZONTE,BRASIL
B1800561900000,SERVIDÃO,SERVIDÃO,BRASIL
B2400008800000,TURMA DA MÔNICA JOVEM - REFLEXOS DO MEDO,TURMA DA MÔNICA JOVEM - REFLEXOS DO MEDO,BRASIL
B2400327900000,O VOO DO ANJO,O VOO DO ANJO,BRASIL
B2200374800000,DOMINGO À NOITE,DOMINGO À NOITE,BRASIL
B1800255500000,ILHA,ILHA,BRASIL
B2300465800000,UMA CARTA PARA PAPAI NOEL,UMA CARTA PARA PAPAI NOEL,BRASIL
B2300518500000,O DIA QUE TE CONHECI,O DIA QUE TE CONHECI,BRASIL
B2100301200000,PRAIA DA SAUDADE,PRAIA DA SAUDADE,BRASIL
B2400412200000,COR,COR,BRASIL
B2400334100000,O SONHO DE CLARICE,O SONHO DE CLARICE,BRASIL
B2300468500000,A FILHA DO PALHAÇO,A FILHA DO PALHAÇO,BRASIL
B2300330400000,GATO GALACTICO E O FEITIÇO DO TEMPO,GATO GALACTICO E O FEITIÇO DO TEMPO,BRASIL
B2300519200000,MINHA IRMÃ E EU,MINHA IRMÃ E EU,BRASIL
B2300401000000,LUPICÍNIO RODRIGUES - CONFISSÕES DE UM SOFREDOR,LUPICÍNIO RODRIGUES - CONFISSÕES DE UM SOFREDOR,BRASIL
B2300379300000,AINDA SOMOS OS MESMOS,AINDA SOMOS OS MESMOS,BRASIL
B2000313600000,LUZ NOS TRÓPICOS,LUZ NOS TRÓPICOS,BRASIL
B2400144500000,MORANDO COM O CRUSH,MORANDO COM O CRUSH,BRASIL
B2400119700000,AS POLACAS,AS POLACAS,BRASIL
B2200503900000,MULEQUE TÉ DOIDO 4 - MORREU MARIA PREÁ!,MULEQUE TÉ DOIDO 4 - MORREU MARIA PREÁ!,BRASIL
B2200361800000,"MÔA, RAIZ AFRO MÃE","MÔA, RAIZ AFRO MÃE",BRASIL
B2300408000000,TÁ ESCRITO,TÁ ESCRITO,BRASIL
B2300349700000,NOSSO SONHO,NOSSO SONHO,BRASIL
B1900576900000,MINHA MÃE É UMA PEÇA 3,MINHA MÃE É UMA PEÇA 3,BRASIL
B2300259100000,TERMODIELÉTRICO,TERMODIELÉTRICO,BRASIL
B2300460400000,RAONI - UMA AMIZADE IMPROVAVEL,RAONI - UMA AMIZADE IMPROVAVEL,BRASIL
B2400123800000,LETÍCIA,LETÍCIA,BRASIL
B2300576500000,NOSSO LAR 2 - OS MENSAGEIROS,NOSSO LAR 2 - OS MENSAGEIROS,BRASIL
B2400416000000,DESSA ARTE EU SEI UM POUCO,DESSA ARTE EU SEI UM POUCO,BRASIL
B0300040500000,A HORA DA ESTRELA,A HORA DA ESTRELA,BRASIL
B2300484200000,AS AVENTURAS DE POLIANA - O FILME,AS AVENTURAS DE POLIANA - O FILME,BRASIL
B2300247700000,AGRESTE,AGRESTE,BRASIL
B2300243400000,A SERENA ONDA QUE O MAR ME TROUXE,A SERENA ONDA QUE O MAR ME TROUXE,BRASIL
B2200491200000,A PRAGA,A PRAGA,BRASIL
B2300257900000,A ESTAÇÃO,A ESTAÇÃO,BRASIL
B2300376600000,DE VOCÊ FIZ MEU SAMBA,DE VOCÊ FIZ MEU SAMBA,BRASIL
B2300212900000,MEU NOME É GAL,MEU NOME É GAL,BRASIL
B1800214000000,HISTÓRIAS ESTRANHAS,HISTÓRIAS ESTRANHAS,BRASIL
B2000160000000,SOL ALEGRIA,SOL ALEGRIA,BRASIL
B2000004600000,SOLDADOS DA BORRACHA - OS HERÓIS ESQUECIDOS,SOLDADOS DA BORRACHA - OS HERÓIS ESQUECIDOS,BRASIL
B1201590900000,CORPO PRESENTE,CORPO PRESENTE,BRASIL
B2200369900000,O DIA DA POSSE,O DIA DA POSSE,BRASIL
B2300486200000,CEDO DEMAIS,CEDO DEMAIS,BRASIL
B2200504100000,DESAPEGA,DESAPEGA,BRASIL
B2300418000000,"MUSSUM, O FILMIS","MUSSUM, O FILMIS",BRASIL
B2300041800000,TIA VIRGÍNIA,TIA VIRGÍNIA,BRASIL
B2200346400000,VOTOS,VOTOS,BRASIL
B2300180300000,CAPITU E O CAPITULO,CAPITU E O CAPITULO,BRASIL
B2200080500000,AS ÓRBITAS DA ÁGUA,AS ÓRBITAS DA ÁGUA,BRASIL
B0200001000000,DURVAL DISCOS,DURVAL DISCOS,BRASIL
B2300007600000,TODA NOITE ESTAREI LÁ,TODA NOITE ESTAREI LÁ,BRASIL
B2400145900000,TRANSE,TRANSE,BRASIL
B2400093000000,BANDIDA,BANDIDA,BRASIL
B2300440200000,NAHUEL E O LIVRO MAGICO,NAHUEL E O LIVRO MAGICO,BRASIL
B2400266900000,"CRISTINA, 1300 - AFFONSO ÁVILA - HOMEM AO TERMO","CRISTINA, 1300 - AFFONSO ÁVILA - HOMEM AO TERMO",BRASIL
B2400413300000,MAPUTO NAKUZANDZA,MAPUTO NAKUZANDZA,BRASIL
B2300031800000,BIZARROS PEIXES DAS FOSSAS ABISSAIS,BIZARROS PEIXES DAS FOSSAS ABISSAIS,BRASIL
B1900126500000,PROPRIEDADE,PROPRIEDADE,BRASIL
B2300099200000,MORCEGO NEGRO,MORCEGO NEGRO,BRASIL
B2300408500000,LILITH,LILITH,BRASIL
B2400036500000,APAIXONADA,APAIXONADA,BRASIL
B2300444900000,A HERANÇA,A HERANÇA,BRASIL
B2400374200000,TUDO POR UM POP STAR 2,TUDO POR UM POP STAR 2,BRASIL
B2300444300000,"MORTE, VIDA E SORTE","MORTE, VIDA E SORTE",BRASIL
B2400365700000,LUIZ MELODIA - NO CORAÇÃO DO BRASIL,LUIZ MELODIA - NO CORAÇÃO DO BRASIL,BRASIL
B2300442100000,"OTHELO, O GRANDE","OTHELO, O GRANDE",BRASIL
B2300514300000,MEU CASULO DE DRYWALL,MEU CASULO DE DRYWALL,BRASIL
B2200203600000,MUGUNZÁ,MUGUNZÁ,BRASIL
B2400294500000,FERNANDA YOUNG - FOGE-ME AO CONTROLE,FERNANDA YOUNG - FOGE-ME AO CONTROLE,BRASIL
B1800504800000,DIÁRIOS DE CLASSE,DIÁRIOS DE CLASSE,BRASIL
B2400187300000,O CLUBE DAS MULHERES DE NEGÓCIOS,O CLUBE DAS MULHERES DE NEGÓCIOS,BRASIL
B2300062000000,INCOMPATÍVEL COM A VIDA,INCOMPATÍVEL COM A VIDA,BRASIL
B2300374700000,"DE REPENTE, MISS!","DE REPENTE, MISS!",BRASIL
B2400057900000,TÔ DE GRAÇA - O FILME,TÔ DE GRAÇA - O FILME,BRASIL
B1600716500000,MINHA MÃE É UMA PEÇA 2,MINHA MÃE É UMA PEÇA 2,BRASIL
B2300243500000,UM TIRO NO ESCURO,UM TIRO NO ESCURO,BRASIL
B2300343000000,EU SOU MARIA,EU SOU MARIA,BRASIL
B2400196000000,O FENÔMENO ESPORTS,O FENÔMENO ESPORTS,BRASIL
B2300002900000,CASA IZABEL,CASA IZABEL,BRASIL
B2400294100000,"ANTONIO CANDIDO, ANOTAÇÕES FINAIS","ANTONIO CANDIDO, ANOTAÇÕES FINAIS",BRASIL
B2200125000000,O DILEMA DA PANDEMIA,O DILEMA DA PANDEMIA,BRASIL
B2400119900000,AVASSALADORAS 2.0,AVASSALADORAS 2.0,BRASIL
B2400319300000,SOFIA FOI,SOFIA FOI,BRASIL
B2400241900000,SOCIEDADE DE FERRO,SOCIEDADE DE FERRO,BRASIL
B1900477300000,JOSÉ APARECIDO DE OLIVEIRA - O MAIOR MINEIRO DO MUNDO,JOSÉ APARECIDO DE OLIVEIRA - O MAIOR MINEIRO DO MUNDO,BRASIL
B2300440300000,A FESTA DE LÉO,A FESTA DE LÉO,BRASIL
B2300537800000,GODLESS - ALÉM DA CRENÇA,GODLESS - ALÉM DA CRENÇA,BRASIL
B2300512000000,CORPO PRESENTE,CORPO PRESENTE,BRASIL
B1900059200000,MUDANÇA,MUDANÇA,BRASIL
B2300343300000,PEDÁGIO,PEDÁGIO,BRASIL
B2100259000000,MEDIDA PROVISÓRIA,MEDIDA PROVISÓRIA,BRASIL
B2000499200000,ATÉ O FIM,ATÉ O FIM,BRASIL
B2300201800000,JANGO NO EXÍLIO,JANGO NO EXÍLIO,BRASIL
B2100535800000,A VIDA É DA COR QUE PINTAMOS,A VIDA É DA COR QUE PINTAMOS,BRASIL
B2100472100000,A MATÉRIA NOTURNA,A MATÉRIA NOTURNA,BRASIL
B2400217600000,O EP DE LAURA,O EP DE LAURA,BRASIL
B2400354600000,DALIA E O LIVRO VERMELHO,DALIA E O LIVRO VERMELHO,BRASIL
B2400387800000,AMOR RADICAL,AMOR RADICAL,BRASIL
B2400278200000,TERRA DE CIGANOS,TERRA DE CIGANOS,BRASIL
B2300387000000,BLACK RIO! BLACK POWER!,BLACK RIO! BLACK POWER!,BRASIL
B2300535000000,LEVANTE,LEVANTE,BRASIL
B2400158500000,"13 SENTIMENTOS","13 SENTIMENTOS",BRASIL
B2400083700000,UMA FAMÍLIA FELIZ,UMA FAMÍLIA FELIZ,BRASIL
B1301808100000,MINHA MÃE É UMA PEÇA,MINHA MÃE É UMA PEÇA,BRASIL
B2300205100000,"ELIS & TOM, SÓ TINHA DE SER COM VOCÊ","ELIS & TOM, SÓ TINHA DE SER COM VOCÊ",BRASIL
B2300527400000,PUAN,PUAN,BRASIL
B2200442900000,PLACA-MÃE,PLACA-MÃE,BRASIL
B2400336600000,AVENIDA BEIRA-MAR,AVENIDA BEIRA-MAR,BRASIL
B2300067300000,JORGE DA CAPADÓCIA,JORGE DA CAPADÓCIA,BRASIL
B2200363800000,O FAIXA PRETA - A VERDADEIRA HISTÓRIA DE FERNANDO,O FAIXA PRETA - A VERDADEIRA HISTÓRIA DE FERNANDO,BRASIL
B1900588900000,MADAME,MADAME,BRASIL
B2300550300000,PRÍNCIPE LU E A LENDA DO DRAGÃO,PRÍNCIPE LU E A LENDA DO DRAGÃO,BRASIL
B2300137400000,QUANDO EU ME ENCONTRAR,QUANDO EU ME ENCONTRAR,BRASIL
B2300502400000,CHAMA A BEBEL,CHAMA A BEBEL,BRASIL
B1900027100000,AINDA TEMOS A IMENSIDÃO DA NOITE,AINDA TEMOS A IMENSIDÃO DA NOITE,BRASIL
B2200246300000,A METADE DE NÓS,A METADE DE NÓS,BRASIL
B2400309600000,BOCAINA,BOCAINA,BRASIL
B2300139700000,TUDO O QUE VOCÊ PODIA SER,TUDO O QUE VOCÊ PODIA SER,BRASIL
B2200149500000,ALICE DOS ANJOS,ALICE DOS ANJOS,BRASIL
B1900434900000,VIDRO FUMÊ,VIDRO FUMÊ,BRASIL
B2300315200000,LA ESTRATÉGIA DEL MERO,LA ESTRATÉGIA DEL MERO,BRASIL
B2300274500000,PORTO DE ORIGEM,PORTO DE ORIGEM,BRASIL
B2300472200000,"Ó PAÍ, Ó 2","Ó PAÍ, Ó 2",BRASIL
B2300375400000,PRINCESA ADORMECIDA,PRINCESA ADORMECIDA,BRASIL
B2300212800000,TELAS,TELAS,BRASIL
B2300145400000,AS LINHAS DA MINHA MÃO,AS LINHAS DA MINHA MÃO,BRASIL
B2300551000000,SAUDOSA MALOCA,SAUDOSA MALOCA,BRASIL
B2400009100000,VIDENTE POR ACIDENTE,VIDENTE POR ACIDENTE,BRASIL
B2300276400000,VERMELHO MONET,VERMELHO MONET,BRASIL
B2200284900000,VOVÓ NINJA,VOVÓ NINJA,BRASIL
B2200250200000,NOITES ALIENÍGENAS,NOITES ALIENÍGENAS,BRASIL
B2300330000000,ENTRELINHAS,ENTRELINHAS,BRASIL
B2200259700000,"PLAUTO, UM  SOPRO MUSICAL","PLAUTO, UM  SOPRO MUSICAL",BRASIL
B2400419900000,BRAZYL - UMA ÔPERA TRAGICRÔNICA,BRAZYL - UMA ÔPERA TRAGICRÔNICA,BRASIL
B2400272100000,MALU,MALU,BRASIL
B2400344000000,CAINDO NA REAL,CAINDO NA REAL,BRASIL
B2300026000000,RECEBA!,RECEBA!,BRASIL
B2400089500000,"DONA LURDES, O FILME","DONA LURDES, O FILME",BRASIL
B2300186300000,NINGUÉM SAI VIVO DAQUI,NINGUÉM SAI VIVO DAQUI,BRASIL
B2300531200000,MAMONAS ASSASSINAS O FILME,MAMONAS ASSASSINAS O FILME,BRASIL
B2400040600000,SAUDADE FEZ MORADA AQUI DENTRO,SAUDADE FEZ MORADA AQUI DENTRO,BRASIL
B2300288600000,FORAM OS SUSSURROS QUE ME MATARAM,FORAM OS SUSSURROS QUE ME MATARAM,BRASIL
B2100371800000,MARIAS,MARIAS,BRASIL
B2300296700000,ESTRANHO CAMINHO,ESTRANHO CAMINHO,BRASIL
B2400093600000,"SARA, LIA E LÉIA, LICENÇA PARA ENLOUQUECER","SARA, LIA E LÉIA, LICENÇA PARA ENLOUQUECER",BRASIL
B2200266500000,PORTO PRÍNCIPE,PORTO PRÍNCIPE,BRASIL
B2300130000000,O ULTIMO EPISÓDIO,O ULTIMO EPISÓDIO,BRASIL
B1900272800000,UMA BAÍA,UMA BAÍA,BRASIL
B2300491600000,LA OTRA FORMA,LA OTRA FORMA,BRASIL
B2400470400000,O AUTO DA COMPADECIDA 2,O AUTO DA COMPADECIDA 2,BRASIL
B2300148100000,IRACEMAS,IRACEMAS,BRASIL
B2300011000000,ZÉ,ZÉ,BRASIL
B2300170000000,TECA E TUTI: UMA NOITE NA BIBLIOTECA,TECA E TUTI: UMA NOITE NA BIBLIOTECA,BRASIL
B2400047700000,VOCAL LIVRE (TEMPO)RAL AO VIVO,VOCAL LIVRE (TEMPO)RAL AO VIVO,BRASIL
B2300396300000,EMPIRION: UMA AVENTURA COM EINSTEIN,EMPIRION: UMA AVENTURA COM EINSTEIN,BRASIL
B2400036400000,MEU AMIGO LORENZO,MEU AMIGO LORENZO,BRASIL
B2100281200000,VOCÊ NÃO É UM SOLDADO,VOCÊ NÃO É UM SOLDADO,BRASIL
B2300278000000,FÉRIAS TROCADAS,FÉRIAS TROCADAS,BRASIL
B2400339600000,A VILÃ DAS NOVE,A VILÃ DAS NOVE,BRASIL
B2300037800000,A ALEGRIA É A PROVA DOS NOVE,A ALEGRIA É A PROVA DOS NOVE,BRASIL
B2400291700000,CRÔNICAS DE UMA JOVEM FAMÍLIA PRETA,CRÔNICAS DE UMA JOVEM FAMÍLIA PRETA,BRASIL
B1800610400000,MIRANTE,MIRANTE,BRASIL
B2000312200000,A PAIXÃO SEGUNDO G.H,A PAIXÃO SEGUNDO G.H,BRASIL
B0300046700000,CIPRIANO E A MORTE DE CIPRIANO,CIPRIANO E A MORTE DE CIPRIANO,BRASIL
B2400359500000,PASÁRGADA,PASÁRGADA,BRASIL
B2300536800000,SALA ESCURA,SALA ESCURA,BRASIL
B2400330900000,CONTINENTE,CONTINENTE,BRASIL
B2300060700000,MAIS PESADO É O CÉU,MAIS PESADO É O CÉU,BRASIL
B2400180000000,RAZÕES AFRICANAS,RAZÕES AFRICANAS,BRASIL
B2300490400000,SANTINO,SANTINO,BRASIL
B2400323700000,"CIDADE, CAMPO","CIDADE, CAMPO",BRASIL
B2400052600000,DOIS É DEMAIS EM ORLANDO,DOIS É DEMAIS EM ORLANDO,BRASIL
B2300077800000,ANTES QUE ME ESQUEÇAM MEU NOME É EDY STAR - O FILME,ANTES QUE ME ESQUEÇAM MEU NOME É EDY STAR - O FILME,BRASIL
B2000397200000,O SAMBA É PRIMO DO JAZZ,O SAMBA É PRIMO DO JAZZ,BRASIL
B2400036200000,NAS ONDAS DE DORIVAL CAYMMI,NAS ONDAS DE DORIVAL CAYMMI,BRASIL
B2400223300000,REVOADA,REVOADA,BRASIL
B0400103500000,FELIZ ANO VELHO,FELIZ ANO VELHO,BRASIL
B2300024000000,POVO DA FLORESTA,POVO DA FLORESTA,BRASIL
B1900189800000,EMPATE,EMPATE,BRASIL
B2200386600000,NA RÉDEA CURTA,NA RÉDEA CURTA,BRASIL
B2000459900000,DORIVAL CAYMMI – UM HOMEM DE AFETOS,DORIVAL CAYMMI – UM HOMEM DE AFETOS,BRASIL
B2300573000000,SAIDEIRA,SAIDEIRA,BRASIL
B2400311300000,"PERFEKTA, UMA AVENTURA DA ESCOLA DE GÊNIOS","PERFEKTA, UMA AVENTURA DA ESCOLA DE GÊNIOS",BRASIL
B2400081500000,SILVIO,SILVIO,BRASIL
B2400038900000,PRAIA FORMOSA,PRAIA FORMOSA,BRASIL
B2400228400000,ZUZUBALANDIA O FILME,ZUZUBALANDIA O FILME,BRASIL
B2100152900000,AMANHÃ,AMANHÃ,BRASIL
B2400258400000,JUVENAL E O DRAGÃO,JUVENAL E O DRAGÃO,BRASIL
B2400202500000,A CARTA DE ESPERANÇA GARCIA,A CARTA DE ESPERANÇA GARCIA,BRASIL
B2400312800000,JARDIM DOS GIRASSOIS,JARDIM DOS GIRASSOIS,BRASIL
B2100449500000,DIÁLOGOS COM RUTH DE SOUZA,DIÁLOGOS COM RUTH DE SOUZA,BRASIL
B1900528400000,FRANCO NO TREM DO MEDO,FRANCO NO TREM DO MEDO,BRASIL
B2400272700000,PASSAGRANA,PASSAGRANA,BRASIL
B2400348600000,SEGREDOS,SEGREDOS,BRASIL
B2300174400000,FANTASMA,FANTASMA,BRASIL
B2400004900000,O DIABO NA RUA NO MEIO DO REDEMUNHO,O DIABO NA RUA NO MEIO DO REDEMUNHO,BRASIL
B2400324700000,AINDA ESTOU AQUI,AINDA ESTOU AQUI,BRASIL
B2400012200000,"MALLANDRO, O ERRADO QUE DEU CERTO","MALLANDRO, O ERRADO QUE DEU CERTO",BRASIL
B2300275600000,MAURINA - O OUTONO QUE NÃO ACABOU,MAURINA - O OUTONO QUE NÃO ACABOU,BRASIL
B2300537000000,LONGE DO PARAÍSO,LONGE DO PARAÍSO,BRASIL
B2400016500000,DE QUANTA TERRA PRECISA O HOMEM,DE QUANTA TERRA PRECISA O HOMEM,BRASIL
B2200449200000,ESPUMAS AO VENTO,ESPUMAS AO VENTO,BRASIL
B2200497100000,O ANEL DE EVA,O ANEL DE EVA,BRASIL
B2100417300000,ROSA TIRANA,ROSA TIRANA,BRASIL
B2400257600000,OPERAÇÃO BORBOLETA,OPERAÇÃO BORBOLETA,BRASIL
B2400257700000,INEXPLICÁVEL,INEXPLICÁVEL,BRASIL
B1301989000000,O MENINO E O MUNDO,O MENINO E O MUNDO,BRASIL
B0700777200000,ESTÔMAGO,ESTÔMAGO,BRASIL
B2400172100000,ASSEXYBILIDADE,ASSEXYBILIDADE,BRASIL
B2200453400000,A MÚSICA NATUREZA DE LÉA FREIRE,A MÚSICA NATUREZA DE LÉA FREIRE,BRASIL
B1900460300000,FILHO DE BOI,FILHO DE BOI,BRASIL
B2300166100000,NADA SERÁ COMO ANTES - A MÚSICA DO CLUBE DA ESQUINA,NADA SERÁ COMO ANTES - A MÚSICA DO CLUBE DA ESQUINA,BRASIL
B2300097900000,VERISSIMO,VERISSIMO,BRASIL
B2300199800000,O CONTATO,O CONTATO,BRASIL
B2300363900000,UTOPIA TROPICAL,UTOPIA TROPICAL,BRASIL
B2400249400000,LUCCAS E GI EM: DINOSSAUROS,LUCCAS E GI EM: DINOSSAUROS,BRASIL
B2200508100000,PERLIMPS,PERLIMPS,BRASIL
B2300283600000,O VAZIO DE DOMINGO À TARDE,O VAZIO DE DOMINGO À TARDE,BRASIL
B2400133900000,"ARMAGEDDON - OS CARROS MAIS RÁPIDOS DO BRASIL, EDIÇÃO 9","ARMAGEDDON - OS CARROS MAIS RÁPIDOS DO BRASIL, EDIÇÃO 9",BRASIL
B2400012600000,OS FAROFEIROS 2,OS FAROFEIROS 2,BRASIL
B2300524600000,O SEQUESTRO DO VOO 375,O SEQUESTRO DO VOO 375,BRASIL
B2400214900000,SALÃO DE BAILE,SALÃO DE BAILE,BRASIL
B2400077000000,MEU SANGUE FERVE POR VOCÊ,MEU SANGUE FERVE POR VOCÊ,BRASIL
B2400018000000,AUMENTA QUE É ROCK'N'ROLL,AUMENTA QUE É ROCK'N'ROLL,BRASIL
B2100036700000,O ESPAÇO INFINITO,O ESPAÇO INFINITO,BRASIL
B2200317100000,"171","171",BRASIL
B2200454600000,MUNDO NOVO,MUNDO NOVO,BRASIL
B2200412200000,FAUSTO FAWCETT NA CABEÇA,FAUSTO FAWCETT NA CABEÇA,BRASIL
B2400038600000,HAMLET,HAMLET,BRASIL
B2200397500000,AMANHÃ,AMANHÃ,BRASIL
B2300123500000,MADAME DUROCHER,MADAME DUROCHER,BRASIL
B0700759000000,TROPA DE ELITE,TROPA DE ELITE,BRASIL
