"registro_grupo_exibidor","nome_grupo_exibidor"
6000046,ORIENT
6000013,CINEART
6000056,TOP CINEPLEX
6000019,CINEMAXX
6000029,ESPAÇO
6000059,UCI RIBEIRO
6000017,CINEMAIS
6000003,ARCOPLEX
6000040,MOBICINE
6000010,CINE GLOBO
6000120,TOTALCINE
6000012,CINE XV
6000030,ESTAÇÃO
6000057,TOPÁZIO
6000000,AFA
6000045,MULTICINE
6000006,CENTERPLEX
6000028,CIRCUITO
6000034,GRUPO CINE
6000092,RESERVA
6000047,PINHEIRO
6000008,CINE A
6000106,CINESERCLA
6000014,CINEFLIX
6000016,CM CINEMAS
5002765,CINE 7ª ARTE
6000140,CINE INTER
6000100,MOVIECOM
6000032,GRACHER
6000205,CINE QUELIPE
6000058,UCI
6000104,CINE LASER
6000110,CINE PRIME
6000024,CINÉPOLIS
6000163,MOVIELAND
6000041,MOVIE ARTE
6000141,IMPERIAL CINEMAS
6000060,UCI ORIENT
6000103,CINE + ARTE
6000094,VIAPIANA
6000096,LÚMINE
6000025,CINESHOW
6000009,CINE COLUMBIA/MILANI
6000018,CINEMARK
6000107,MAXIMOVIE
6000083,CASAL CINE
6000002,ARAÚJO
6000037,KINOPLEX
6000084,CINE FILMES
6000049,PLAYARTE
6000048,PLANET CINEMAS
6000105,CINE VIA SETE
6000023,CINEPLUS
6000027,CINESYSTEM
6000204,CONSTRUCINE
6000109,MOVIEMAX
6000122,CINEMAX
6000051,ROXY
6000121,CINE SUL
6000055,SPCINE
6000161,CINE FLEXX
6000052,SALA DE ARTE
6000031,GNC
6000021,CINEPLAY
6000182,CINE MARQUISE
6000036,JOSUE'S CINE
6000007,UNIPLEX
6000050,PREMIER
